,entities
0,"['DATE: Torsdag, 21. Maj 2015', 'CARDINAL: 3']"
1,['PERSON: Joey']
2,['LOCATION: Lolland-Falster']
3,"['LAW: Lov om visse landdistriktsrelaterede tilskudsordninger m.v.', 'PERSON: Naja R.']"
4,"['PERSON: Lauge Markus', 'NORP: koreanerne']"
5,['DATE: +16 år']
6,['PERSON: Klara Lindholm']
7,['DATE: 15 år']
8,"['GPE: Ølstykke', 'GPE: Hasselager', 'LANGUAGE: bokmål']"
9,['PERSON: Doris']
10,"['WORK OF ART: Selskabet', 'ORGANIZATION: Presselogen', 'LOCATION: Aarhus C']"
11,['LOCATION: Esbjerg V']
12,['LOCATION: Fuerteventura']
13,['PERSON: Jim Carrey']
14,"['QUANTITY: 55km', 'NORP: jøderne', 'TIME: 30-45 minutter']"
15,['PERSON: Minna Petersen']
16,"['MONEY: EUR222', 'NORP: danske', 'ORGANIZATION: Erhvervsakademi Aarhus']"
17,"['PERSON: Noa Niels-Jørgen', 'FACILITY: Garderkasernen', 'LANGUAGE: dansk', 'TIME: i går morges']"
18,"['EVENT: Første Verdenskrig', 'PERSON: Emily V. Albrechtsen', 'GPE: Odense']"
19,['PERSON: K.K. Steincke']
20,"['GPE: Aarhus', 'CARDINAL: 4', 'LOCATION: Mors']"
21,['PERCENT: tres procent']
22,"['GPE: Odense', 'WORK OF ART: Pride and Prejudice']"
23,['MONEY: firs DKK']
24,['MONEY: 35 KR']
25,"['ORGANIZATION: Dupont Nutrition Biosciences ApS', 'WORK OF ART: Don Quixote']"
26,['DATE: syv år']
27,"['ORGANIZATION: Europa-Parliamentet', 'FACILITY: Grundtvigs Kirke']"
28,"['PERSON: Sylwia Damsgaard Kragh', 'LAW: Direktiv om fælles regler for det indre marked for elektricitet']"
29,"['PERSON: Nynne Honoré Kure', 'PRODUCT: Click Mix {candy}', 'FACILITY: Nordjyske Motorvej']"
30,['PRODUCT: Titanium Chef Baker XL']
31,"['EVENT: juleaften', 'PERSON: Conny Nørgård']"
32,"['MONEY: 1 dollar', 'PERSON: Lonnie Christoffersen Berg', 'MONEY: fjorten KR']"
33,"['FACILITY: Aalborg lufthavn', 'LANGUAGE: spansk', 'PRODUCT: ThinkPad']"
34,['MONEY: fire KR']
35,"['PERSON: Kirsten', 'GPE: Copenhagen', 'ORGANIZATION: @NASA']"
36,"['QUANTITY: 329 gram', 'GPE: Bolivia']"
37,['ORDINAL: trettende']
38,['PERSON: Charles Darwin']
39,"['EVENT: Irakkrigen', 'GPE: Rudkøbing']"
40,['ORGANIZATION: Nintendo']
41,"['LOCATION: Syd- og Sønderjylland', 'DATE: i dag']"
42,['WORK OF ART: Klovn {tv series}']
43,['PERSON: Thor W. Wolff']
44,"['LANGUAGE: dansk', 'PERCENT: halvtreds procent']"
45,"['ORGANIZATION: Køge kommune', 'CARDINAL: 2']"
46,"['QUANTITY: tretten millioner gram', 'GPE: Nibe']"
47,['NORP: buddhistisk']
48,"['LOCATION: Vejle Fjord', 'GPE: USA', 'MONEY: dkk95']"
49,['LANGUAGE: kinesisk']
50,"['FACILITY: den Sorte Diamant', 'GPE: Sudan']"
51,['LANGUAGE: dansk']
52,['MONEY: 308 danske kroner']
53,"['PERCENT: 84 %', 'DATE: 1991', 'PERSON: @tobiasmoeller213', 'ORGANIZATION: @CNN']"
54,['PERSON: Sigurd']
55,"[""DATE: Torsdag, 08. September '16"", 'MONEY: sytten kroner', 'PRODUCT: Deo Pure Roll-On']"
56,"['LANGUAGE: somali', 'ORGANIZATION: Lego A/S']"
57,['CARDINAL: tolv']
58,"['WORK OF ART: Uno', 'PERSON: Anders Fogh Rasmussen', 'PERCENT: 16%']"
59,['GPE: Tilst']
60,"['LAW: ligningslovens § 16 H, stk. 6']"
61,"['NORP: danskere', 'PERSON: Sia Lindberg']"
62,['PRODUCT: Organic Thor Tee {t-shirt}']
63,"['PERSON: Alan Mogensen', 'QUANTITY: firs millioner g']"
64,['PERCENT: 33.13 %']
65,"['GPE: Roskilde', 'PRODUCT: Passat {car}', 'TIME: om dagen']"
66,['ORGANIZATION: Maersk']
67,['LANGUAGE: portugisisk']
68,"['LAW: Grundloven', 'MONEY: 30kroner', 'PRODUCT: Foodi Max AF400']"
69,"['DATE: Søndag, 08. December 1974', 'DATE: 22. Oktober 1999']"
70,"['ORDINAL: 5.', 'DATE: 14/Aug/2018', 'PERCENT: 77 %', 'PERSON: Michal Fisker']"
71,"['PERSON: Medina R. Nygaard', 'ORGANIZATION: ASUS', 'PRODUCT: Vivobook']"
72,['MONEY: 5347kroner']
73,"['PERSON: Lars Løkke Rasmussen', 'GPE: Tyskland', 'FACILITY: E39 {highway}']"
74,"['CARDINAL: 10,50']"
75,"['WORK OF ART: SIMS', 'PRODUCT: Mac Pro']"
76,"['GPE: Finland', 'PERSON: Inge H. Jæger']"
77,"['CARDINAL: en', 'DATE: 25/05/12', 'LOCATION: Lanzarote']"
78,['GPE: Christiansfeld']
79,['DATE: i dag']
80,"['QUANTITY: 7360 g', 'WORK OF ART: FIFA 12']"
81,['ORGANIZATION: Novo Nordisk']
82,"['WORK OF ART: Stay {song}', 'ORGANIZATION: Circle K Danmark A/S', 'NORP: De Rød-Grønne']"
83,['ORGANIZATION: Telia']
84,"['PERCENT: halvfjerds procent', 'GPE: Horsens']"
85,['PERSON: Lea Dam']
86,['GPE: Sverige']
87,"['WORK OF ART: I Kina spiser de hunde', 'PERCENT: atten procent']"
88,"['GPE: Talinn', 'TIME: 18:15-19.15', 'GPE: Tappernøje', 'PRODUCT: Xbox']"
89,"[""PRODUCT: NATURLI' havredrik"", 'PRODUCT: Air Max 90 GTX', 'WORK OF ART: Blå mænd']"
90,"['PRODUCT: Airpods', 'LOCATION: Randers NV']"
91,"['PERSON: Esther', 'PERSON: Camille E.']"
92,['MONEY: 31kroner']
93,['PERSON: Thilde C.']
94,['DATE: 13. Juli 1996']
95,['ORGANIZATION: Manchester United']
96,['GPE: Tyrkiet']
97,"['ORGANIZATION: Buzzfeed', 'TIME: 21:20', 'EVENT: nytårsaften']"
98,"['GPE: Rumænien', 'NORP: polakker', 'PERCENT: 94 %']"
99,['LANGUAGE: mandarin']
100,"['GPE: Irak', 'MONEY: 5347kr.']"
101,"['ORGANIZATION: Fredericia Maskinmesterskole', 'PERSON: Reine Brynolfsson', 'WORK OF ART: Sidste dans']"
102,"['NORP: svenske', 'LOCATION: Lolland-Falster']"
103,['MONEY: 30 kr.']
104,['QUANTITY: 244 centimeter']
105,"['LANGUAGE: italiensk', 'PERSON: Thorkild Bjerg Møller']"
106,"['PERSON: Søren Brun', 'PERSON: Margrethe']"
107,"['PERSON: Jytte', 'ORGANIZATION: @tv2nyhederne']"
108,['CARDINAL: 2']
109,['LOCATION: Midtjylland']
110,['GPE: Danmark']
111,"['WORK OF ART: Robinson', 'QUANTITY: 218 cm', 'WORK OF ART: København']"
112,['ORGANIZATION: NATO']
113,"['LOCATION: Midtjylland', 'ORGANIZATION: NIKE']"
114,['ORDINAL: første']
115,"['PERSON: Jessica Holme Petersen', 'PERSON: Walter Danielsen', 'LAW: lov om skifte af dødsboer']"
116,['QUANTITY: 40m']
117,"['LANGUAGE: færøsk', 'ORGANIZATION: Ørsted']"
118,"['ORGANIZATION: Aarhus Universitet', 'PERSON: Julia Annika']"
119,['PERCENT: 65 %']
120,['PERSON: Plato']
121,['MONEY: DKK5347']
122,['MONEY: 7690DKK']
123,['ORGANIZATION: landsretterne']
124,['GPE: Kalundborg']
125,['DATE: April']
126,['ORGANIZATION: @nytimes']
127,['PERCENT: 45%']
128,"['EVENT: 2.Verdenskrig', 'MONEY: tre kr.']"
129,['MONEY: 205 danske kroner']
130,"['PERSON: Michael Laudrup', 'MONEY: 65pesos']"
131,['QUANTITY: 58L']
132,"['NORP: Liberal Alliance', 'PERSON: Frigg Truelsen', 'CARDINAL: 7']"
133,"['GPE: Helsinki', 'NORP: danske', 'PERCENT: 13%']"
134,"['GPE: Jordan', 'DATE: i går']"
135,"['GPE: Tunesien', 'GPE: Horsens', 'QUANTITY: 267 kg']"
136,"['ORGANIZATION: Podimo', 'GPE: Sydkorea']"
137,['PERSON: Vagn Lange']
138,['GPE: Danmark']
139,"['GPE: Egå', 'LOCATION: Jylland']"
140,"['LOCATION: Ishavet', 'GPE: Nepal']"
141,['PERCENT: 86 %']
142,['NORP: tyrkerne']
143,"['LANGUAGE: hindi', 'QUANTITY: 65CL']"
144,['GPE: Danmark']
145,['LOCATION: Vestjylland']
146,['PERSON: Ejvind Sandstrøm']
147,"['LOCATION: Langeland', 'FACILITY: Birkevej']"
148,['MONEY: 326kroner']
149,"['PERSON: @mia1023218', 'EVENT: Bhopaulykken']"
150,"['TIME: 90 minutter', 'QUANTITY: 275 liter', 'DATE: i morgen']"
151,['LANGUAGE: español']
152,"['PRODUCT: P-tærter', 'TIME: klokken halv syv', 'GPE: Botswana', 'LANGUAGE: indisk']"
153,"['FACILITY: Lighthouse', 'MONEY: DKK2090', 'WORK OF ART: Lolland Falster {movie}', 'LANGUAGE: ungarnsk']"
154,['ORDINAL: 6.']
155,['NORP: Frie Grønne']
156,"['DATE: Mandag', 'PERSON: Pernille Vermund', 'GPE: USA']"
157,['PERSON: Ana']
158,"['NORP: vietnamesere', 'PRODUCT: Xperia 10 V', 'GPE: Lemvig', 'LOCATION: Rocky Mountains']"
159,['WORK OF ART: Borgen']
160,"['EVENT: nytårsaften', 'LOCATION: Jylland']"
161,['MONEY: 155 kr.']
162,['LOCATION: Atlanterhavet']
163,['PERSON: Sille T.']
164,"['NORP: dansker', 'MONEY: 7417kroner']"
165,"['ORDINAL: 1.', 'NORP: Socialdemokratiet', 'ORGANIZATION: Carhatt', 'PRODUCT: Heston Vest']"
166,['PERSON: Leonard Gade Ishøy']
167,"['GPE: Tyskland', 'PERSON: Dan']"
168,['PERCENT: tre procent']
169,['PERSON: Berith']
170,"['PERCENT: 2 %', 'DATE: i går', 'NORP: de kristne', 'LOCATION: Lolland']"
171,"['LOCATION: Falster', 'ORGANIZATION: Brøndby {football team}', 'PERSON: Erik O. Lauritsen']"
172,['PERSON: Henrik Cavling']
173,['LOCATION: Carbien']
174,"['DATE: i morgen', 'ORGANIZATION: Disney', 'GPE: Roskilde']"
175,"['LOCATION: Vestjylland', 'PERSON: Kiki Jespersen']"
176,"['PERCENT: 71 %', 'ORGANIZATION: Netto']"
177,"['PRODUCT: iPad', 'CARDINAL: tre']"
178,['PERCENT: 94 %']
179,"['MONEY: DKK9359', 'PERCENT: 65 %']"
180,['PERSON: Saga']
181,"['LANGUAGE: russisk', 'PERCENT: halvfems procent']"
182,"['LOCATION: Klosterheden', 'GPE: Danmark']"
183,['PERSON: Manfred Glenn']
184,['ORGANIZATION: The Packers {football team}']
185,['LOCATION: Jammerbugten']
186,"['LAW: Høstpantebrevsloven', 'QUANTITY: fjorten kvadratmeter']"
187,"['ORDINAL: 18.', 'DATE: 9 måneder']"
188,['EVENT: Grimfest']
189,['MONEY: 55 DKK']
190,"['TIME: i aftes', 'WORK OF ART: Partners ', 'ORDINAL: 21.', 'PERSON: Mai Mercado', 'NORP: (K)']"
191,['DATE: 11/10/97']
192,['PRODUCT: Eva Lysestage ']
193,"['PRODUCT: Gytha gås {decoration}', 'DATE: Tirsdag', 'PERSON: Ronja Emilie']"
194,"['QUANTITY: 176 kvm', 'CARDINAL: 9']"
195,"['TIME: 1 minut', 'PERSON: Oleksandr Carlsen Thelin']"
196,"['PRODUCT: Big Pony Women Pink Eau de Toilette', 'WORK OF ART: Bezzerwizzer Familie {board game}']"
197,"['NORP: polakker', 'NORP: SF {political party}', 'ORGANIZATION: Danmarks Domstole', 'PERSON: Anders and']"
198,"['PERCENT: firs procent', 'EVENT: De olympiske lege i Beijing', 'QUANTITY: 152 liter']"
199,['PERCENT: 70 %']
200,['GPE: Horsens']
201,"['PRODUCT: Duraceramic sandwichtoaster', 'DATE: ni år']"
202,"['LANGUAGE: norsk', 'LAW: Novemberforfatningen', 'PERCENT: 75%']"
203,"['PERSON: Margit Brauer Greve', 'DATE: 1978', 'GPE: London']"
204,['LOCATION: Lolland']
205,"['MONEY: en dollar', 'DATE: 18. November 1984']"
206,['PERCENT: 48 %']
207,['PERSON: Kari']
208,"['WORK OF ART: Strawberry Fields Forever', 'ORDINAL: 20.']"
209,['LOCATION: Sydsjælland']
210,"['ORGANIZATION: FB {facebook}', 'GPE: Aserbajdsjan', 'LANGUAGE: finsk', 'PERSON: Tim Keller']"
211,['TIME: kl. 14.10']
212,"['GPE: Esbjerg', 'WORK OF ART: Dicte {tv series}']"
213,"['ORGANIZATION: Carlsberg', 'PERSON: Medina', 'PERSON: Julius R. Schultz']"
214,"['PRODUCT: Blanc {beer}', 'PERCENT: nitten procent']"
215,['PERSON: George Washington']
216,"['MONEY: 267kr.', 'GPE: Danmark']"
217,"['NORP: Nye Borgerlige', 'PERSON: Bertram', 'PERCENT: 17.03 %']"
218,"['LAW: kildeskatteloven', 'GPE: Randers']"
219,['LANGUAGE: français']
220,['PERCENT: 39 %']
221,"['DATE: Lørdag', 'EVENT: Cyklonen Bhola', 'GPE: Aalborg', 'CARDINAL: 931']"
222,"['LANGUAGE: dansk', 'LOCATION: Midt- og Vestjylland', 'GPE: Frankrig']"
223,['PERCENT: 57 %']
224,['PERCENT: 60 %']
225,['PERSON: Sophia Li']
226,['WORK OF ART: Tetris']
227,"['PERSON: Steffen Lindgaard Bagger', 'DATE: elleve måneder']"
228,"['DATE: 2020', 'WORK OF ART: Kærligheden Kalder', 'WORK OF ART: En digters bazar']"
229,['QUANTITY: 61 meter']
230,['PERCENT: 40 %']
231,['PERSON: Yurii Brodersen Hussein']
232,['WORK OF ART: Kongens fald ']
233,"['LAW: Norske Lov', 'QUANTITY: 76 centiliter']"
234,['LAW: Lov om Værnepligt af 1912']
235,"['PERSON: Malene', 'GPE: Frederikshavn']"
236,"['PERCENT: ni procent', 'ORGANIZATION: Amazon Prime']"
237,['ORGANIZATION: Liverpool {football team}']
238,"['GPE: Helsingør', 'WORK OF ART: Forsidefruer']"
239,"['NORP: muslimer', 'PERSON: Lina Kumar Khan']"
240,['QUANTITY: 2597 g']
241,['LOCATION: Jylland']
242,"['LOCATION: Jylland', 'NORP: spanierne', 'ORGANIZATION: SønderjyskE {handball team}']"
243,['LANGUAGE: tyrkisk']
244,"['MONEY: 115 kroner', 'PERSON: Palle T. Axelsen']"
245,['WORK OF ART: Barndommens Gade']
246,"['GPE: Ukraine', 'DATE: Lørdag']"
247,['LOCATION: Skandinavien']
248,"['LANGUAGE: kroatisk', 'TIME: i morges', 'LOCATION: Dansk Vestindien']"
249,"['WORK OF ART: One Dance {song}', 'GPE: Danmark']"
250,"['CARDINAL: 1', 'PERCENT: 26.3%']"
251,['ORDINAL: anden']
252,"['ORDINAL: 2.', 'MONEY: en krone']"
253,"['GPE: Rønde', 'LANGUAGE: estisk']"
254,"['GPE: Odder', 'DATE: Marts']"
255,['GPE: DK {country}']
256,"['EVENT: Olga {the storm}', 'PERCENT: 48.34 %']"
257,['MONEY: 295dkk']
258,['PERSON: Tom Kristensen']
259,['LANGUAGE: dansk']
260,"['PERSON: Clara Frederichsen Bloch', 'ORGANIZATION: Bagsværd Lakrids']"
261,"['ORGANIZATION: Berlingske', 'PERSON: Irene Iseni', 'WORK OF ART: Forbrydelsen', 'NORP: muslimsk']"
262,['LANGUAGE: tamil']
263,['GPE: Australien']
264,"['ORGANIZATION: Google', 'PRODUCT: Pixel 8']"
265,['PERSON: Magnus X. Schrøder']
266,['NORP: Liberal Alliance']
267,"[""PRODUCT: Crush Cheirosa '62 Body Mist"", 'DATE: 01/11/13', 'GPE: Aarhus']"
268,['CARDINAL: halvdelen']
269,"['LOCATION: Syddanmark', 'LOCATION: Vestjylland']"
270,['PERSON: Pyrus']
271,['DATE: i går']
272,['WORK OF ART: Luksusfælden']
273,['PERSON: Hassan J. Kjøge']
274,"['LANGUAGE: lettisk', 'CARDINAL: 4', 'LOCATION: Dyrehaven']"
275,['ORGANIZATION: Den Blå Avis']
276,"['MONEY: 67 kr.', 'DATE: September']"
277,"['NORP: svensk', 'MONEY: 241 kr.']"
278,['DATE: næste uge']
279,"['WORK OF ART: Jagten', 'GPE: Aalborg', 'TIME: formiddag']"
280,['LANGUAGE: dansk']
281,['LOCATION: De store antiller']
282,['CARDINAL: 10039']
283,"['MONEY: 156danske kroner', 'ORGANIZATION: The Mirror']"
284,"['LAW: Ligeretstilføjelsen', 'TIME: kl. 08.10']"
285,"['LANGUAGE: bengali', 'QUANTITY: nitten cl', 'NORP: franske']"
286,"['GPE: Rødekro', 'ORGANIZATION: forsvaret']"
287,"['PERSON: Jesper Q. Vestergaard', 'ORGANIZATION: Copenhagen Business Academy', 'PERCENT: 35 %']"
288,['ORGANIZATION: Power A/S {electronics company}']
289,"['LANGUAGE: tysk', 'WORK OF ART: Breaking Bad']"
290,['PERCENT: 6 %']
291,['WORK OF ART: The Godfather Part II']
292,['WORK OF ART: Kapringen']
293,"['GPE: Virum', 'PERSON: Lukas Graham', 'WORK OF ART: Søndagsbarn']"
294,"['ORGANIZATION: hayu', 'PERCENT: fem procent']"
295,"['LOCATION: København K', 'LOCATION: Middelhavet']"
296,['PERSON: Amanda']
297,"['LANGUAGE: spansk', 'EVENT: Kosovokrigen']"
298,"['PERSON: Didde', 'MONEY: 5081kr', 'LOCATION: Midtfyn']"
299,['GPE: Kenya']
300,['ORGANIZATION: HBO']
301,['MONEY: en krone']
302,"['GPE: Mexico', 'PERSON: Kai Wagner']"
303,['PERCENT: 5 %']
304,"['NORP: iranerne', 'GPE: Danmark', 'MONEY: 152 amerikanske dollars']"
305,"['FACILITY: Nikolaj Kirke', 'PRODUCT: Lego Juletræ']"
306,"['GPE: Tjekkiet', 'QUANTITY: 155 km']"
307,['PERCENT: 9.85%']
308,['GPE: Sydafrika']
309,"['DATE: Lørdag', 'LOCATION: Midt- og Vestjylland']"
310,['PRODUCT: Bikuben {lamp}']
311,"['CARDINAL: 11.0', 'LOCATION: Sønderjylland', 'ORDINAL: niende', 'PERCENT: 48.11%']"
312,['QUANTITY: 196meter']
313,"['MONEY: 259KR', 'TIME: 5-10 timer', 'ORGANIZATION: FC. København']"
314,"['ORGANIZATION: adidas', 'DATE: 12-09-2013']"
315,"['GPE: Belgien', 'LANGUAGE: maithili']"
316,['CARDINAL: 1']
317,"['PRODUCT: Fanta Exotic', 'PERSON: Troels Lund Poulsen']"
318,"['ORGANIZATION: Coop Danmark A/S', 'ORDINAL: 17.']"
319,"['CARDINAL: tre', 'NORP: Nye Borgerlige (NB)', 'PERCENT: 32 %']"
320,"['PERSON: Nina', 'QUANTITY: 310 millimeter']"
321,"['PERCENT: 26.47 %', 'PERSON: Tarzan', 'ORGANIZATION: KitchenAid', 'PRODUCT: Artisan']"
322,"['QUANTITY: 68 L', 'CARDINAL: syv']"
323,['QUANTITY: 9539meter']
324,"['LAW: NIS-loven', 'ORGANIZATION: TESLA']"
325,['LANGUAGE: danish']
326,['MONEY: halvfjerds hundrede kr']
327,"['PERSON: Joan Jæger', 'LOCATION: de Canariske øer']"
328,['PERSON: Carlo V. Egebo']
329,"['GPE: Frankrig', 'PERSON: Mikkel Kessler']"
330,"['DATE: 08/06/17', 'PERSON: Frede H. Martinussen', 'PERSON: My Christa', 'QUANTITY: 5113 g']"
331,"['MONEY: 9665kr', 'GPE: Ringe']"
332,['DATE: Søndag']
333,"['LOCATION: Fyn', 'LOCATION: Jylland', 'EVENT: Klimatopmødet COP26']"
334,"['GPE: Gentofte', 'WORK OF ART: Fortnite']"
335,['FACILITY: Vor Frue Kirke - Københavns Domkirke']
336,"['LOCATION: Als', 'GPE: Silkeborg']"
337,['CARDINAL: to']
338,['LOCATION: Aarhus V']
339,"[""DATE: Mandag, 14. August '95"", 'CARDINAL: en fjerdedel']"
340,"['NORP: de kristne', 'ORGANIZATION: Europa-Kommisionen', 'ORDINAL: første']"
341,"['PERCENT: 40 %', 'QUANTITY: 65mg']"
342,"['ORGANIZATION: Naviair', 'MONEY: 108dkk', 'ORDINAL: 1.']"
343,['PERCENT: 15.02 %']
344,"['GPE: Danmark', 'WORK OF ART: Masterchef Danmark']"
345,['WORK OF ART: Den eneste ene']
346,"['DATE: 05. Februar 1976', 'PERSON: Mærsk Mc-Kinney Møller', 'ORDINAL: 2.']"
347,"['GPE: Malling', 'TIME: om natten']"
348,['PERCENT: 75%']
349,"['LAW: lovbekendtgørelse nr. 1222', 'LOCATION: St. Thomas']"
350,"['LAW: Hesteloven', 'CARDINAL: 29']"
351,['ORGANIZATION: PepsiCo']
352,['DATE: 08-09-1987']
353,"['DATE: 15/05/96', 'LOCATION: Midtjylland']"
354,['LOCATION: Vestjylland']
355,['NORP: Venstre']
356,"['DATE: i morgen', 'PERCENT: 65 %', 'QUANTITY: 7649cm']"
357,"['MONEY: 5690pund', 'PERSON: Matthias Smidt Frantzen']"
358,['MONEY: 31kr']
359,"['LANGUAGE: italiensk', 'DATE: Fredag', 'CARDINAL: 1,1']"
360,['CARDINAL: ni']
361,['PERSON: Gitta Fuglsang Jansen']
362,['MONEY: atten GBP']
363,['QUANTITY: 203 milligram']
364,"['NORP: Enhedslisten (Ø)', 'LANGUAGE: hausa', 'MONEY: 295 kr.']"
365,"['DATE: 1993', 'PERCENT: 17 %', 'GPE: Varde']"
366,"['GPE: Taastrup', 'WORK OF ART: Ægteskabet mellem vejen og udvejen', 'ORGANIZATION: Superligaen']"
367,['CARDINAL: en']
368,['CARDINAL: 1']
369,"['PERSON: Tenna Thygesen Lindegaard', 'GPE: Manchester']"
370,"['ORGANIZATION: Ford', 'PRODUCT: Mustang']"
371,"['PERSON: Anita Dahl', 'LOCATION: Grenen {sandbar spit}', 'DATE: fem-seks uger']"
372,['WORK OF ART: Bachelor {tv series}']
373,"['FACILITY: Frederikshavnmotorvejen', 'QUANTITY: 95hektar', 'FACILITY: BLL {airport}']"
374,"['PERCENT: 45 %', 'LAW: § 1 i lov nr. 667', 'LOCATION: Refshalvøen']"
375,"['WORK OF ART: Need of Speed Underground', 'WORK OF ART: The Godfather']"
376,"['LANGUAGE: deutsch', 'CARDINAL: 3']"
377,"['PERCENT: 84%', 'LOCATION: Sønderjylland']"
378,['PERSON: Alexander Lauridsen Lindberg']
379,"['QUANTITY: 72 kilogram', 'GPE: Danmark', 'DATE: 13. Sep 19']"
380,"['ORGANIZATION: Ekstra Bladet', 'PERCENT: 33.13 %', 'PERSON: Katrine Daugaard', 'NORP: (LA)']"
381,"['PRODUCT: Smarties', 'MONEY: 1 krona']"
382,"['CARDINAL: 10', 'ORDINAL: anden']"
383,"['PERSON: Inge-Lise B. Mathiesen', 'GPE: Saudi-Arabien', 'WORK OF ART: Mens vi lever', 'GPE: Espergærde']"
384,"['PRODUCT: Addict Lip Maximizer 001 Pink', 'PERSON: Marcus Winther']"
385,['CARDINAL: 1']
386,"['DATE: i dag', 'DATE: næste år', 'PERSON: Gilli', ""WORK OF ART: C'est la vie""]"
387,"['GPE: Ungarn', 'LAW: BEK nr 1332']"
388,"['DATE: Juni', 'QUANTITY: 259 kilometer']"
389,"['TIME: kl. 17.00', 'PERSON: Mick Øgendahl']"
390,"['NORP: hinduistiske trossamfund', 'MONEY: 178kroner', 'PERCENT: 90 %']"
391,"['WORK OF ART: Ser du månen, Daniel']"
392,"['DATE: næste uge', 'GPE: Horsens', 'QUANTITY: 295 km']"
393,"['PERSON: Anne-Marie N. Høj', 'QUANTITY: 161liter', 'PERSON: Bruno J.']"
394,"['GPE: Holte', 'LOCATION: Sydsjælland']"
395,"['QUANTITY: 55 meter', 'ORDINAL: syvende']"
396,['LOCATION: Lolland-Falster']
397,"['PERSON: Samir Nørgaard', 'NORP: Socialdemokratiet (S)', 'PERSON: Joachim Ahmed Hoffmann']"
398,['PERCENT: 97.0 %']
399,"['GPE: New Zealand', 'NORP: danskere']"
400,"['ORDINAL: 22.', 'PERCENT: halvfems procent']"
401,"['PERCENT: halvtreds procent', 'PERSON: Nicklas X.', 'LAW: Årsregnskabsloven']"
402,"['DATE: i går', 'WORK OF ART: Madden NFL']"
403,['CARDINAL: elleve']
404,['EVENT: Orkanen Igor']
405,"['GPE: Aars', 'LOCATION: Midtjylland', 'PERSON: Keld N.']"
406,"['MONEY: 219øre', 'LOCATION: Skjern Å']"
407,['CARDINAL: otto']
408,"['PERSON: Albert Einstein', 'PERCENT: tre procent', 'PERSON: Kjeld Hedegaard']"
409,"['ORDINAL: 8.', 'ORGANIZATION: Velux']"
410,"['CARDINAL: 10.5', 'LOCATION: Assistens Kirkegården', 'PERSON: Tue Ronni']"
411,['NORP: svensk']
412,"['WORK OF ART: Starboy', 'PERSON: Jens Unmack', 'WORK OF ART: Vejen Hjem Fra Rocknroll']"
413,"['QUANTITY: halvfems hundrede mg', 'PERSON: Martin Jensen']"
414,['PRODUCT: Sinus Pendel']
415,['PERSON: Kamma Jørgensen']
416,['DATE: 11-07-96']
417,"['LOCATION: det Kaspiske Hav', 'GPE: Kolding']"
418,['GPE: Italien']
419,['ORDINAL: tredje']
420,"['PERSON: Harald Lander', 'PERSON: Johnny A. Ellegaard', 'QUANTITY: 95 pund']"
421,['PERSON: Damian Mohammad Nagel']
422,"['GPE: Nuuk', 'LAW: opkrævningslovens § 11']"
423,['GPE: Præstø']
424,['NORP: de irreligiøse']
425,"['PERCENT: 16%', 'PERSON: Kalle', 'LANGUAGE: engelsk']"
426,['PERSON: Marius']
427,['PERCENT: 75 %']
428,"['LOCATION: Falster', 'MONEY: 1687kr.']"
429,['LANGUAGE: tysk']
430,"['PERSON: Olga X. Mahmood', 'PERSON: Jane M.', 'QUANTITY: 259 karat']"
431,"['QUANTITY: atten joule', 'ORGANIZATION: Landbrugsministeriet']"
432,"['FACILITY: E45 {highway}', 'GPE: Danmark']"
433,"['EVENT: juleaften', 'QUANTITY: 275 milligram', 'ORGANIZATION: @NBA']"
434,"['PERCENT: 89 %', 'NORP: kinserne']"
435,"['QUANTITY: 7360 kg', 'ORGANIZATION: Syddansk Universitet']"
436,['PERSON: Silas']
437,"['ORGANIZATION: Egedal kommune', 'GPE: Rwanda']"
438,"['ORGANIZATION: USTC', 'EVENT: coronapandemien', 'ORGANIZATION: Birkenstock', 'PRODUCT: Arizona']"
439,['PERCENT: 96 %']
440,['MONEY: en krona']
441,"['GPE: Norge', 'ORGANIZATION: Samsung', 'PRODUCT: Galaxy Z Flip']"
442,"['GPE: Rødovre', 'ORGANIZATION: SKAT']"
443,"['CARDINAL: fire', 'ORGANIZATION: Danmarks Medie- og Journalisthøjskole']"
444,"['QUANTITY: 337 g', 'CARDINAL: seks']"
445,"['QUANTITY: 295 kilometer', 'DATE: igår', 'NORP: Alternativet (Å)', 'ORDINAL: 3.']"
446,['MONEY: en dollar']
447,"['TIME: i aften', 'GPE: Danmark', 'PERSON: Benjamin Lasnier']"
448,['NORP: dansk']
449,['PERSON: Rosa']
450,"['LOCATION: Jylland', 'GPE: Vejle']"
451,"['PERSON: Jimmi', 'PERCENT: 94.97%']"
452,['GPE: Færøerne']
453,['WORK OF ART: As It Was {song}']
454,['ORGANIZATION: @premierleague']
455,['PERSON: Martha Frost Bak']
456,"['PRODUCT: Playstation 5', 'WORK OF ART: Herrens Veje']"
457,"['DATE: 02. Maj 2013', 'ORGANIZATION: Superbrugsen', 'MONEY: seks kronor', 'MONEY: 176KR']"
458,['LAW: § 143 i selskabsloven']
459,"['GPE: Libyen', 'PERCENT: 82%']"
460,"['ORGANIZATION: The Sun', 'WORK OF ART: War and Peace']"
461,['PERCENT: 94 %']
462,"['PERSON: Ina Skovgaard Green', 'GPE: Roskilde', 'CARDINAL: 3']"
463,"['ORGANIZATION: Uno-X', 'PERSON: Anker Engelund', 'WORK OF ART: GTA V']"
464,['DATE: sidste år']
465,"['ORGANIZATION: Ikea', 'TIME: i nat', 'DATE: en måned', 'QUANTITY: 252 kilometer']"
466,['PERSON: Anders Matthesen']
467,['LANGUAGE: dansk']
468,['LOCATION: Lolland-Falster']
469,['WORK OF ART: En Verden Udenfor']
470,['PRODUCT: Kähler vase']
471,['PERCENT: 29 %']
472,['PRODUCT: Knoglestolen']
473,"['ORGANIZATION: Klima- og Energiministeriet', 'LOCATION: Syddanmark', 'DATE: 2013', 'PERCENT: 94.97 %']"
474,"['MONEY: 1 peso', 'WORK OF ART: Sherlock']"
475,"['CARDINAL: 41', 'LOCATION: Randers SØ', 'PERCENT: 29 %']"
476,['QUANTITY: tre tusinde tomme']
477,"['PERCENT: 36.03%', 'PERCENT: 88 %']"
478,"['LANGUAGE: indisk', 'TIME: kl. 10.00']"
479,"['QUANTITY: 259L', 'DATE: 11/10/21', 'DATE: idag']"
480,['QUANTITY: 130 celsius']
481,['LAW: straffelovens §§ 152 - 152 e']
482,['MONEY: en krone']
483,['NORP: Alternativet']
484,['PERCENT: 99 %']
485,"['MONEY: dkk 5690', 'GPE: Hadsten']"
486,['PERSON: Willumsen']
487,['LOCATION: Amazonas']
488,"['GPE: Slovenien', 'QUANTITY: 87 meter']"
489,['LOCATION: Arresø']
490,"['NORP: Venstre', 'PERSON: Bettina', 'FACILITY: Musikhuset']"
491,"['ORGANIZATION: Facebook', 'PERSON: Ib Michaelsen', 'GPE: Danmark']"
492,"['WORK OF ART: Rita {tv series}', 'DATE: 01. Juni 2014']"
493,['QUANTITY: 244 meter']
494,"['ORGANIZATION: Ford', 'PRODUCT: Fiesta']"
495,['GPE: Sunds']
496,"['PERSON: Mette Frederiksen', 'NORP: (S)']"
497,"['FACILITY: Georg Walther Andersens Vænge', 'WORK OF ART: Forrest Gump', 'MONEY: halvtreds tusinde KR']"
498,['DATE: 3 år']
499,['QUANTITY: 334 ml']
500,['PERSON: Trump']
501,['DATE: Lørdag']
502,"['MONEY: femten EUR', 'CARDINAL: 1249', 'NORP: tysk']"
503,['FACILITY: Utzon Center']
504,"['ORDINAL: 1.', 'ORGANIZATION: OISTER']"
505,"['EVENT: terrorangrebet den 11. september 2001', 'LANGUAGE: dansk', 'CARDINAL: 10']"
506,"['GPE: Haderslev', 'ORGANIZATION: PRIME {beverages}', 'WORK OF ART: GTA']"
507,"['MONEY: GBP 1032', 'QUANTITY: 4 liter']"
508,"['GPE: Malawi', 'LANGUAGE: dansk', 'LOCATION: Fyn']"
509,['PERSON: Nelly']
510,['TIME: 10 minutter']
511,"['GPE: Beograd', 'PERCENT: 69 %']"
512,"['DATE: Fredag, 31. Maj 2002']"
513,['QUANTITY: halvfjerds hundrede liter']
514,['TIME: i morges']
515,"['NORP: Liberal Alliance', 'EVENT: Super Bowl XLV', 'ORGANIZATION: Føtex']"
516,"['FACILITY: Østergade 76', 'MONEY: 109 kr']"
517,"['LOCATION: De Vestindiske Øer', 'GPE: Köln', 'PERCENT: 38%']"
518,"['WORK OF ART: Den Jeg Elsker', 'ORGANIZATION: IG {instagram}']"
519,"['PERSON: Johnny Depp', 'QUANTITY: halvfems kilometer', 'WORK OF ART: Shape of You']"
520,['FACILITY: Vestergade 23']
521,"['LOCATION: Vestjylland', 'GPE: Danmark']"
522,"['GPE: Malmø', 'QUANTITY: 34centiliter']"
523,"['QUANTITY: 2597 dekameter', 'LOCATION: Lolland-Falster', 'CARDINAL: 300']"
524,"['TIME: om natten', 'PERCENT: 91 %']"
525,['PERSON: Erna']
526,['QUANTITY: ni hundrede kilometer']
527,"['PERCENT: 49.88 %', 'GPE: Thisted']"
528,['PERCENT: sytten procent']
529,"['LAW: LOV nr 1430', 'PERSON: Thøger']"
530,"['MONEY: 9665kr', 'LANGUAGE: burmesisk']"
531,['PRODUCT: kims chips']
532,['QUANTITY: 241 mL']
533,['QUANTITY: ni hundrede m']
534,['CARDINAL: seks']
535,['QUANTITY: 3075 gram']
536,"['PERCENT: 89 %', 'MONEY: Dkk332', 'QUANTITY: 323 km']"
537,"['LANGUAGE: russisk', 'PERSON: Christian']"
538,['PERCENT: 95 %']
539,['QUANTITY: 135meter']
540,['ORGANIZATION: Telenor']
541,['DATE: April']
542,"['NORP: polakker', 'LOCATION: Syddanmark', 'FACILITY: Industrivej']"
543,['GPE: Montenegro']
544,['GPE: Oksbøl']
545,['DATE: fem-seks uger']
546,"['PERCENT: 78.49 %', 'QUANTITY: 203 km']"
547,"['MONEY: tre kronor', 'LANGUAGE: polsk', 'WORK OF ART: En kongelig affære']"
548,['TIME: 5 minutter']
549,"['CARDINAL: 1', 'PERSON: Josephine Lehmann Lynge']"
550,"['DATE: Mandag, 24. Oktober 2022', 'LOCATION: Vestjylland', 'TIME: om natten', 'TIME: en halv time']"
551,['QUANTITY: 35kilometer']
552,"['NORP: muslimer', 'EVENT: Napoleonskrigene']"
553,['MONEY: en krone']
554,"['EVENT: Krystalnatten', 'PRODUCT: Tosca Anju Hat']"
555,"['MONEY: dkk4329', 'PERSON: Madeleine Rytter', 'LOCATION: Stillehavet', 'PERSON: Gunnar ""Nu"" Hansen']"
556,"['WORK OF ART: Korpset {tv series}', 'WORK OF ART: Cluedo', 'MONEY: 1 krone']"
557,"['ORGANIZATION: NVIDIA', 'PERSON: Tobias', 'WORK OF ART: Bedrag {tv series}', 'DATE: overmorgen']"
558,"['PERSON: Theis D. Degn', 'PERSON: Søs Katrin']"
559,['QUANTITY: 155 km']
560,"['LANGUAGE: irsk', 'QUANTITY: firs km^2']"
561,"['MONEY: 181kr.', 'QUANTITY: ni kvm']"
562,"['DATE: 30-03-71', 'EVENT: Tjernobylulykken']"
563,['PERSON: Lukas Q. Saugmann']
564,['LANGUAGE: dansk']
565,"['ORDINAL: 3.', 'WORK OF ART: Grand Theft Auto', 'PERSON: Konrad']"
566,['PERSON: Sherlock Holmes']
567,['ORGANIZATION: The Patriots']
568,['GPE: Riga']
569,"['MONEY: 163EUR', 'LANGUAGE: dansk']"
570,"['FACILITY: Storebæltsbroen', 'TIME: i aftes']"
571,"['MONEY: en peso', 'WORK OF ART: »Vi Tager Fuglen på Dig« ', 'ORGANIZATION: VW', 'PRODUCT: Passat']"
572,"['PERSON: Cecilia', 'PERCENT: fem procent']"
573,"['ORGANIZATION: JP {media}', 'EVENT: X Games']"
574,"['PERCENT: 75%', 'EVENT: Brexit', 'LOCATION: Fyn']"
575,['PRODUCT: Hammershøi Vase']
576,"['GPE: DK {country}', 'MONEY: 3221euro']"
577,['DATE: 23-10-2004']
578,"['LOCATION: Nordishavet', 'ORGANIZATION: Cleveland Brows']"
579,"['PERCENT: 95 %', 'MONEY: USD 123']"
580,"['MONEY: tre danske kroner', 'PERCENT: 40%']"
581,['PERSON: Darth Vader']
582,"['PERCENT: 91%', 'PERSON: Pelle Dragsted']"
583,['QUANTITY: 334 gram']
584,['MONEY: 5347Dkk']
585,"['PRODUCT: Skippers Lakridspibe', 'PRODUCT: Telescopic Mascara Black']"
586,"['PERCENT: 85%', 'EVENT: EM-slutrunde', 'PERSON: Yoda', 'LANGUAGE: urdu']"
587,"['LOCATION: Sønderjylland', 'CARDINAL: 6']"
588,['ORGANIZATION: Billedbladet']
589,['GPE: Cypern']
590,"['LAW: § 5, stk. 1, nr. 2', 'DATE: i går']"
591,['PERCENT: 10 %']
592,"['MONEY: 4880 kr', 'PERSON: Birgit Ali', 'PERCENT: 57 %', 'NORP: dansker']"
593,['GPE: Stockholm']
594,['WORK OF ART: Odysseen']
595,['LOCATION: Lolland']
596,['LOCATION: Lolland']
597,"['PERSON: Felix X. Skaarup', 'LANGUAGE: tysk', ""DATE: 1910'erne""]"
598,"['NORP: dansk', 'PERSON: Yousef']"
599,"['PERSON: Benedicte Karlsson', 'ORGANIZATION: Sage', 'PRODUCT: Barista Pro']"
600,"['DATE: Tirsdag, 10. August 1999']"
601,['CARDINAL: 40']
602,"['MONEY: 113dkk', 'DATE: 2010']"
603,"['PERCENT: 26 %', 'MONEY: seksten kroner']"
604,['WORK OF ART: De vindfølsomme']
605,['DATE: Søndag']
606,"['GPE: Prag', 'ORGANIZATION: adidas', 'PRODUCT: Junior Superstar']"
607,"['ORGANIZATION: Disney', 'GPE: Aarhus', 'PERSON: Bohdan', 'ORGANIZATION: Mercedes-Benz']"
608,"['NORP: Danmarksdemokraterne', 'GPE: Danmark']"
609,"['PERCENT: 74 %', 'GPE: New York', 'PERSON: Bianca C. Søgaard']"
610,"['WORK OF ART: Olsen Banden-filmene', 'DATE: sidste år']"
611,"['WORK OF ART: Paradise {tv series}', 'MONEY: en krona', 'WORK OF ART: The Great Gatsby']"
612,"['PERSON: Sarah Y. Halse', 'PERSON: Kragelund']"
613,"['NORP: muslimske trossamfund', 'PERSON: Tonny Markussen', 'PERCENT: seks procent', 'ORGANIZATION: New York Times']"
614,['PERSON: Matilde']
615,"['CARDINAL: fem', 'ORGANIZATION: B.T.', 'LAW: 2019/944/EU']"
616,"['NORP: norsk', 'EVENT: Orkanen Sandy']"
617,['NORP: kinesere']
618,['PERSON: Pedersen']
619,['DATE: sidste uge']
620,['LOCATION: Vestjylland']
621,"['NORP: svensker', 'PERSON: Homer Simpson']"
622,"['PERCENT: 4.34 %', 'LOCATION: Nordjylland']"
623,"['PRODUCT: Nokia 3310', 'PRODUCT: Sirrus 46 vandrerygsæk', 'NORP: De Konservative']"
624,"['LOCATION: Sønderjylland', 'PERSON: Maj-Britt', 'LOCATION: Sønderjylland']"
625,"['GPE: Mozambique', 'PERSON: Karin Riis Nonboe']"
626,['ORGANIZATION: Odsherred kommune']
627,['GPE: Sverige']
628,['GPE: Køge']
629,['LOCATION: Midtjylland']
630,"['DATE: toårig', 'ORGANIZATION: DSB {trains}']"
631,"['MONEY: 9359kroner', 'LOCATION: Madsebakke']"
632,"['CARDINAL: 10', 'PRODUCT: Explore 6 Airfryer', 'LANGUAGE: kinesisk']"
633,['MONEY: 68kr.']
634,"['QUANTITY: 7690 snes', 'DATE: 19. Juni 1986', 'WORK OF ART: d.a.u.d.a. {song}', 'ORGANIZATION: Volkswagen', 'PRODUCT: Golf']"
635,['WORK OF ART: Monopoly']
636,"['MONEY: nitten amerikanske dollars', 'ORDINAL: første']"
637,['LOCATION: Møn']
638,['MONEY: 5690 kr']
639,"['LOCATION: Sydsjælland', 'GPE: Nicaragua', 'LANGUAGE: dansk']"
640,['PERSON: Viggo']
641,['PERSON: Amin Y. Philipsen']
642,"['FACILITY: Øresundstunnelen', 'CARDINAL: 5']"
643,"['PERCENT: 45 %', 'DATE: 8-11-årige']"
644,"['PERSON: Tommi', 'GPE: Kina']"
645,"['LAW: Forordning om stavnsbånd', 'TIME: 12:00:00']"
646,['ORDINAL: 14.']
647,['PERSON: Peer']
648,"['PERSON: Holbergs', 'WORK OF ART: Erasmus Montanus']"
649,['LOCATION: Syd- og Sønderjylland']
650,"['GPE: Brasilien', 'ORGANIZATION: Novo {medical company}', 'PERSON: Rene Underbjerg']"
651,['MONEY: 8048 Dkk']
652,"['PERCENT: 25 %', 'PERSON: Holme']"
653,"['GPE: DK {country}', 'EVENT: Oklahoma City-Bombningen']"
654,"['PERSON: Annemette Mohammad', 'PERCENT: atten procent']"
655,"['ORGANIZATION: OnePlus', 'PRODUCT: Nord 3']"
656,"['GPE: Bulgarien', 'DATE: +18 år', 'LAW: Lov om ophørsstøtte til jordbrugere']"
657,['QUANTITY: fjorten millioner milligram']
658,"['WORK OF ART: Game of Thrones', 'CARDINAL: 9']"
659,"['FACILITY: Hans Hartvig Seedorffs Stræde', 'CARDINAL: 5', 'QUANTITY: tre mL', 'ORGANIZATION: Copenhagen Business School']"
660,['LAW: Tvindloven']
661,"['GPE: Risskov', 'GPE: Nederlandene', 'PERSON: Anne-Sofie Ellegaard']"
662,['MONEY: 295danske kroner']
663,"['ORGANIZATION: Saudi Aramco', 'GPE: Hobro']"
664,"['EVENT: krigen i Afghanistan', 'ORGANIZATION: Real Madrid', 'ORGANIZATION: Bestseller']"
665,['ORDINAL: 7.']
666,['PERSON: Connie Grave Caspersen']
667,"['CARDINAL: 33', 'PRODUCT: Nutritive Overnight Serum', 'PERCENT: fjorten procent']"
668,['TIME: om natten']
669,"['PERCENT: firs procent', 'ORGANIZATION: VIA {university}']"
670,['LOCATION: Midt- og Vestjylland']
671,['WORK OF ART: Kom Tilbage Nu']
672,"['ORGANIZATION: Zetland', 'ORGANIZATION: Politiken']"
673,['ORGANIZATION: Snap {snapchat}']
674,"['ORGANIZATION: Danmarks Tekniske Universitet', 'PERCENT: 75 %', 'ORGANIZATION: kvindelandsholdet']"
675,"['GPE: Høje Taastrup', 'TIME: i aftes']"
676,"['GPE: Serbien', 'TIME: 20:00']"
677,"['QUANTITY: 217 km', 'DATE: 2022']"
678,"['FACILITY: Vibevej', 'ORGANIZATION: KIF Kolding {handball team}', 'TIME: 19.00']"
679,"['PERCENT: 36.03%', 'WORK OF ART: Bag Duggede Ruder', 'MONEY: fire millioner KR']"
680,['DATE: Oktober']
681,['GPE: Odense']
682,"['LOCATION: Syddanmark', 'GPE: Sorø', 'LANGUAGE: dansk']"
683,['PERCENT: tres procent']
684,['ORGANIZATION: Danske Spil']
685,"['PERCENT: firs procent', 'PERCENT: 35 %']"
686,"['PRODUCT: Kubus {candlestick}', 'QUANTITY: 7 meter', 'LANGUAGE: svensk']"
687,['WORK OF ART: Græshoppens år']
688,"['PERSON: Pia Olsen Dyhr', 'PERCENT: 35 %']"
689,"['LOCATION: Sydsjælland', 'EVENT: Anden Verdenskrig', 'ORGANIZATION: Arkitektskolen Aarhus', 'EVENT: H.K.H. Prins Christians 18-års fødselsdag']"
690,"['TIME: kl 22:28', 'DATE: et år']"
691,"['LOCATION: Aarhus N', 'WORK OF ART: Uden Forsvar']"
692,"['EVENT: 9/11 {terror attack}', 'PERCENT: 95 %', 'ORDINAL: sekstende']"
693,"['MONEY: 1 krone', 'LANGUAGE: fransk']"
694,['ORGANIZATION: New York Knicks']
695,['GPE: Nordkorea']
696,['GPE: Rom']
697,['LOCATION: Naturpark Åmosen']
698,['MONEY: €234']
699,['PERSON: Ulrik D.']
700,['ORGANIZATION: Randers {football team}']
701,"['GPE: Sverige', 'TIME: 12.00-16.15']"
702,['WORK OF ART: Minecraft']
703,['PERSON: Gro Korsgaard']
704,"['QUANTITY: 176hektometer', 'GPE: Canada']"
705,"['PRODUCT: Lego X-wing-stjernejager', 'LAW: Ligningsloven', 'PERSON: Albert Carlsen']"
706,['PERSON: Nick']
707,"['ORGANIZATION: Nordsjælland {football team}', 'LOCATION: Nordsjælland']"
708,"['GPE: Dortmund', 'ORGANIZATION: Arla', 'PERSON: Nikolaj Larsson Würtz']"
709,"['LOCATION: Lolland-Falster', 'PRODUCT: AK-47 {weapon}']"
710,"['ORGANIZATION: Favrskov kommune', 'PERSON: Ivan']"
711,"['LOCATION: Ejby Ådal', 'EVENT: CPH halvmarathon', 'DATE: Fredag, 13. Januar 1978']"
712,['MONEY: 14kroner']
713,['NORP: danske']
714,['DATE: Juli 26 1987']
715,"['ORDINAL: første', 'GPE: Liverpool', 'ORGANIZATION: @cnnbrk']"
716,"['PERSON: Thit Jensen', 'ORGANIZATION: Amazon', 'PRODUCT: Echo']"
717,"['PERCENT: 88%', 'GPE: Finland', 'GPE: Madrid', 'ORGANIZATION: Coop']"
718,"['QUANTITY: 163 cm', 'LOCATION: Gudenåen', 'LOCATION: Sjælland']"
719,"['DATE: næste år', 'LOCATION: Vestjylland', 'DATE: et år']"
720,"['GPE: Frankrig', 'PERCENT: sytten procent']"
721,"['PERSON: Joanna', 'NORP: danskere', 'GPE: El Salvador']"
722,"['QUANTITY: 323 kilometer', 'GPE: Ringkøbing']"
723,"['NORP: nordmænd', 'WORK OF ART: House of Cards']"
724,['GPE: Vejle']
725,"['PERSON: Nora P. Ibrahim', 'LOCATION: Midt- og Vestjylland', 'MONEY: en krone']"
726,"['DATE: 2009', 'PRODUCT: Tornø Badedragt']"
727,"['ORGANIZATION: Information', 'QUANTITY: 259 gram']"
728,['DATE: sidste måned']
729,['LAW: Kvælstofoxiderafgiftsloven']
730,"['WORK OF ART: Blinding Lights', 'NORP: dansker']"
731,"['PERCENT: halvtreds procent', 'NORP: norsk']"
732,"['PERCENT: halvfems procent', 'EVENT: Smukfest']"
733,"['LOCATION: Syd- og Sønderjylland', 'ORDINAL: 16.']"
734,['QUANTITY: 29 L']
735,"['DATE: Tirsdag, 20. Oktober 1992', 'PERSON: Fadime Therkildsen', 'GPE: Spanien']"
736,['LOCATION: Lolland']
737,['PERSON: Mogens']
738,"['LOCATION: Midtfyn', 'PERSON: Janne D. Henningsen', 'ORGANIZATION: CNN']"
739,"['PERSON: Ole Tanderup Klitgaard', 'WORK OF ART: »De Første Kærester på Månen«', 'PERSON: Kirkegaard']"
740,['PERSON: Mohammad Overgaard']
741,"['PERCENT: seks procent', 'PERSON: Amir Hermansen']"
742,"['PERSON: Janus', 'MONEY: 4617 øre']"
743,"['PERSON: Jonathan Løvehjerte', 'FACILITY: Bella Sky Hotel', 'MONEY: 7690danske kroner', 'LOCATION: Fyn']"
744,['FACILITY: Operaen']
745,"['TIME: et halvt døgn', 'QUANTITY: to tusinde kvadratkilometer', 'GPE: Holland']"
746,['GPE: Danmark']
747,"['PERSON: Egon Johannesen', 'NORP: norske']"
748,"['MONEY: 295kr', ""PRODUCT: Air Force 1 '07 LV8""]"
749,"['ORDINAL: 2.', 'CARDINAL: to-og-tyve', 'GPE: Hamborg']"
750,"['MONEY: 208 kroner', 'PRODUCT: Blåvand 1/2 Zip Fleece']"
751,['LOCATION: Skagen Gren']
752,"['FACILITY: Roskilde Domkirke', 'DATE: 04. November 1996']"
753,"['QUANTITY: tre tusinde kilogram', 'PERSON: Ahmed Jørgensen Albertsen']"
754,"['TIME: 04:30-10.00', 'ORGANIZATION: SIF {football team}']"
755,['PERSON: Kim Kardashian']
756,"['EVENT: Hafnia-sagen', 'GPE: Bruxelles']"
757,['QUANTITY: 151 cm']
758,"['DATE: 30-01-02', 'LANGUAGE: maltesisk', 'PERSON: Benny']"
759,['DATE: 21. April 1999']
760,"['ORGANIZATION: Barcelona {football team}', 'ORGANIZATION: Viborg {football team}']"
761,"['ORGANIZATION: FCK {football team}', 'WORK OF ART: R {movie}']"
762,['ORGANIZATION: Coca-Cola']
763,['PERCENT: 1 %']
764,"['FACILITY: Christiansborg', 'GPE: Esbjerg']"
765,"['WORK OF ART: Det Er Knud Som Er Død', 'ORGANIZATION: GOG {handball team}']"
766,"['MONEY: 196kr', 'LANGUAGE: engelsk']"
767,"['ORGANIZATION: Lundbeck', 'NORP: Dansk Folkeparti', 'GPE: Fillipinerne']"
768,['DATE: fire uger']
769,['CARDINAL: fem']
770,"['GPE: Store Heddinge', 'NORP: dansker']"
771,"['NORP: norsk', 'LANGUAGE: fransk']"
772,"['ORGANIZATION: Designskolen', 'GPE: Kirke Såby', 'PERCENT: 65%']"
773,['EVENT: nytår']
774,['FACILITY: Vinkelvej']
775,['GPE: Herning']
776,['LOCATION: det Indiske Ocean']
777,"['ORGANIZATION: National Banken', 'WORK OF ART: The SIMS']"
778,['GPE: Kirke Hyllinge']
779,['PERSON: @carowozniacki']
780,['WORK OF ART: Helt og heltinde']
781,"['MONEY: 178danske kroner', 'ORGANIZATION: LG', 'PRODUCT: 42LX1Q6']"
782,['ORGANIZATION: NATO-alliancen']
783,"['GPE: Hillerød', 'PERSON: Helin Bondesen Hassan', 'PERSON: Mørch']"
784,"['NORP: svenske', 'GPE: Århus', 'ORGANIZATION: Scandinavian Airlines']"
785,"['GPE: Aarhus', 'TIME: eftermiddag']"
786,"['NORP: norske', 'NORP: ateisterne', 'LOCATION: Nordjylland']"
787,['PERCENT: 54.96 %']
788,['PERCENT: tusind procent']
789,"['NORP: Venstre, Danmarks Liberale Parti']"
790,"['QUANTITY: 14 kubikmeter', 'LANGUAGE: engelsk']"
791,['PERSON: Ruben Sindberg']
792,"['QUANTITY: 301 hm', 'NORP: Ny Alliance', 'PERSON: Gerda Lie Kaas', 'WORK OF ART: Vildheks']"
793,['NORP: danske']
794,"['LOCATION: Lolland-Falster', 'QUANTITY: 96L', 'DATE: femårig']"
795,"['TIME: kl 10:15', 'PERSON: Kathrine Kjær Clemmensen']"
796,['LANGUAGE: arabisk']
797,['LOCATION: Fyn']
798,['DATE: en måned']
799,"['GPE: Skjern', 'DATE: 2001-07-04']"
800,"['DATE: 2016', 'MONEY: 5271 kr.', 'PERCENT: 17%', 'PRODUCT: L.12.12 White Deodorant Spray']"
801,"['PRODUCT: PH Snowball {lamp}', 'MONEY: tre kroner', 'PERCENT: et hundrede procent']"
802,['QUANTITY: 147kvm']
803,"['TIME: to minutter', 'LOCATION: Sjælland']"
804,['PERCENT: 28 %']
805,"['QUANTITY: 185 ml', 'GPE: Hvide Sande']"
806,"['ORGANIZATION: Vestas Wind Systems', 'CARDINAL: 70']"
807,['QUANTITY: 326 m']
808,"['PERSON: Jørn Rohde', 'ORGANIZATION: Arla Foods', 'QUANTITY: 295 mm', 'WORK OF ART: Danmark har talent']"
809,['ORGANIZATION: landsretten']
810,['PERSON: Mathias Schmidt']
811,['GPE: Venezula']
812,['ORGANIZATION: Jysk Fynske Medier']
813,['NORP: danske']
814,"['PERSON: Majbritt', 'ORGANIZATION: Berlingske Media']"
815,"['NORP: romænere', 'ORGANIZATION: Dyson', 'PRODUCT: Cyclone V10']"
816,['LANGUAGE: mandarin']
817,['LOCATION: Langeland']
818,"['GPE: Norge', 'PERSON: Hanne-Vibeke Holst', 'WORK OF ART: Undskyldningen']"
819,['TIME: i nat']
820,['WORK OF ART: Hævnen']
821,"['PERSON: Hugo', 'GPE: Aalborg', 'PERSON: Frank Thrane Damm']"
822,['LOCATION: Uralbjergene']
823,"['GPE: Nederlandene', 'WORK OF ART: Skip-Bo']"
824,['PERSON: @kevinmagnussen']
825,"['ORGANIZATION: Aalborg Universitet', 'ORGANIZATION: Visa', 'GPE: Gråsten']"
826,"['MONEY: 329 danske kroner', 'PERCENT: 32.94 %']"
827,['EVENT: Roskilde Festival']
828,"['QUANTITY: sytten meter', 'ORGANIZATION: Se og Hør']"
829,"['PERSON: Hermann Pihl Martinsen', 'QUANTITY: 99 meter', 'ORDINAL: 3.']"
830,['ORDINAL: 2.']
831,['WORK OF ART: Det Er Mig Der Står Herude og Banker På']
832,['EVENT: PFA-sagen']
833,['WORK OF ART: Badehotellet']
834,"['QUANTITY: 96 m', 'DATE: Onsdag']"
835,"['PERSON: Hedvig', 'CARDINAL: nitten']"
836,['DATE: 18 uger']
837,['NORP: Kristendemokraterne']
838,['PERCENT: 15.02%']
839,['DATE: April']
840,"['TIME: eftermiddag', 'EVENT: Folketingsvalget 2019', 'LOCATION: Midtfyn']"
841,"['WORK OF ART: Velkommen Til Medina', 'NORP: dansker', 'PERCENT: 91%']"
842,['QUANTITY: tre centimeter']
843,['GPE: Skals']
844,"['PERCENT: 84 %', 'NORP: tyske']"
845,"['ORGANIZATION: Fjällräven', 'PRODUCT: Kånken Mini']"
846,['PERCENT: 87 %']
847,['LOCATION: Bornholm']
848,['LOCATION: Nordjylland']
849,['GPE: Kbh']
850,"['GPE: Hasle', 'GPE: Aalborg', 'PERSON: Carina Johansen Holdt']"
851,"['MONEY: £8048', 'QUANTITY: 205 KG']"
852,"['GPE: Odense', 'PERCENT: 39 %']"
853,"['QUANTITY: 35 gram', 'GPE: Agerbæk']"
854,['NORP: buddhister']
855,['LOCATION: Vestjylland']
856,"['MONEY: 1 krone', 'MONEY: 55dkk']"
857,['PERCENT: 19 %']
858,['PERSON: Lise Nørgaard']
859,"['LANGUAGE: engelsk', 'GPE: Schweiz']"
860,"['TIME: 20 min', 'DATE: en uge', 'PERCENT: 5%', 'EVENT: nytårsaften']"
861,"['PERSON: Merle Jakobsen Krone', 'PERCENT: 9.85 %']"
862,"['LANGUAGE: suomi', 'ORGANIZATION: BYGMA']"
863,"['MONEY: en krona', 'GPE: Letland', 'NORP: dansk']"
864,['CARDINAL: to']
865,"['PERCENT: 6%', 'ORGANIZATION: Marshall', 'PRODUCT: Major IV']"
866,"['PERSON: Diana', 'PERCENT: seksten procent', 'DATE: i dag']"
867,"['GPE: Skagen', 'GPE: Aalborg', 'DATE: 27-04-1984']"
868,['GPE: Sverige']
869,['PERCENT: 71 %']
870,"['WORK OF ART: Underverden', 'NORP: svenske', 'QUANTITY: 213 centimeter']"
871,"['DATE: 18. April 1989', 'MONEY: 7649 £']"
872,['TIME: i morges']
873,"['MONEY: 5081kr', 'WORK OF ART: Ex on the Beach']"
874,"['ORDINAL: første', 'ORDINAL: 25.', 'ORGANIZATION: Lenovo', 'PRODUCT: Yoga']"
875,"['ORGANIZATION: DMJX {journalism school}', 'GPE: Odense', 'PERSON: Harry Potter']"
876,['NORP: Socialistisk Folkeparti']
877,['QUANTITY: 176 KG']
878,"['PERSON: Mariann', 'NORP: tysker']"
879,"['WORK OF ART: Engel {song}', 'PERSON: Yaroslav Karlsen']"
880,"['MONEY: 55 Dkk', 'PRODUCT: Xbox Series X']"
881,['PERSON: Vilma Lotte']
882,"['MONEY: en krona', 'PERSON: Will Smith']"
883,['PERCENT: 22.71 %']
884,"['LOCATION: Nordsjælland', 'FACILITY: Morten Olsens Allé']"
885,"['PERSON: Solvej Balle', 'WORK OF ART: Om udregning af rumfang']"
886,['LANGUAGE: engelsk']
887,"['LOCATION: St. Croix', 'QUANTITY: to ml', 'PERSON: Fatima']"
888,['GPE: Finland']
889,['LOCATION: Balearerne']
890,"['QUANTITY: 312 L', 'QUANTITY: 120 gram', 'GPE: København', 'DATE: et år']"
891,['EVENT: julefrokosten']
892,['PERSON: J.C. Christensen']
893,"['ORGANIZATION: JP/Politikens Hus', 'LANGUAGE: dansk', 'ORGANIZATION: Bose', 'PRODUCT: QuietComfort 45']"
894,"['PRODUCT: Deluxe Railway Set {toy}', 'PERSON: Julian Nguyen Engbjerg']"
895,['DATE: Søndag']
896,['LANGUAGE: afrikaans']
897,['PERSON: Tommy S.']
898,['NORP: svensk']
899,"['LOCATION: Nordjylland', 'LANGUAGE: dansk']"
900,"['PERSON: Teddy Niklas', 'MONEY: 151 kroner']"
901,"['ORDINAL: 1.', 'PERSON: Liva Busk Bonde', 'FACILITY: Storebæltsbroen']"
902,"['PERSON: Bjarke', 'GPE: København']"
903,['PERCENT: 92.78 %']
904,['LANGUAGE: azerbaijani']
905,['ORGANIZATION: Matas']
906,['QUANTITY: 261 km']
907,"['NORP: tyrkere', 'LOCATION: Bornholm', 'DATE: en uge']"
908,['ORDINAL: 23.']
909,['NORP: danskere']
910,"['PERSON: Dina Krogh', 'PERSON: Flodin', 'ORGANIZATION: Aalborg Håndbold']"
911,"['MONEY: 337€', 'ORGANIZATION: Tulip Food Company']"
912,"['PERSON: Louie', 'LOCATION: Midtfyn', 'PERSON: Ragnhild Fabricius Willumsen', 'QUANTITY: 55 mg']"
913,['PERCENT: 10 %']
914,"['CARDINAL: 1', 'QUANTITY: 89km', 'GPE: Ballerup']"
915,"['ORDINAL: 1.', 'GPE: Grækenland', 'PERSON: Poul Reichhardt', 'WORK OF ART: Syd for Tana River']"
916,"['DATE: Lørdag, 01-Maj-99', 'PERCENT: 26%']"
917,"['PERSON: Thea Boesgaard', 'LANGUAGE: koreansk']"
918,"['CARDINAL: 1', 'FACILITY: Viborg Kaserne']"
919,['ORDINAL: tredje']
920,['GPE: København']
921,"['ORGANIZATION: Niels Bohr Institutet', 'PERSON: Mette Frederiksen']"
922,['LAW: 2015/121/EU']
923,['NORP: Kristne']
924,"['DATE: overmorgen', 'MONEY: dkk218']"
925,"['EVENT: Touren 2022 {tour de france}', 'PRODUCT: Rubiks terning']"
926,"['PERSON: Carmen', 'GPE: Israel', 'NORP: sikher']"
927,['PRODUCT: Beyond burgerbøf']
928,"['LAW: Kongeloven', 'PERSON: Helmuth Damgaard', 'PERSON: Julie Kure']"
929,"['GPE: Valby', 'TIME: to timer', 'PERSON: Drake', 'WORK OF ART: LAUGH NOW CRY LATER']"
930,['PERCENT: 52 %']
931,['CARDINAL: 2']
932,['ORGANIZATION: Silkeborg {football team}']
933,['NORP: svensker']
934,"['LAW: A-skattelåneloven § 2§ 1, 1. pkt.', 'TIME: 13.00-23.00', 'PERSON: Lasse Lynge']"
935,['WORK OF ART: I dragens kløer']
936,"['EVENT: nytår', 'ORGANIZATION: KiMs']"
937,['GPE: Kastrup']
938,['GPE: Kolding']
939,"['LAW: kildeskattelovens §§ 1', 'PERSON: Mykola', 'PRODUCT: Bugles {chips}', 'PERSON: Filippa Weber Helt']"
940,['QUANTITY: 337ml']
941,['QUANTITY: halvfems hundrede mL']
942,['GPE: Otterup']
943,"['ORGANIZATION: SIMAC - Svendborg International Maritime Academy', 'WORK OF ART: Pelle Erobreren', 'PERSON: Hans Christian Andersen', 'MONEY: 135 kr.']"
944,"['LOCATION: Vesteuropa', 'GPE: Hjortshøj']"
945,['PERSON: Nils Kruse']
946,"['WORK OF ART: Den store bagedyst', 'WORK OF ART: Like a Rolling Stone', ""DATE: Mandag, 08. August '22"", 'PERSON: Kaja Koch']"
947,"['WORK OF ART: Fru Marie Grubbe', 'CARDINAL: 125', 'PERSON: Hugo Helmig', 'WORK OF ART: Wild']"
948,"['MONEY: 152kr', 'DATE: igår', 'LAW: §§ 4-7']"
949,['PERSON: Birk Larsen Ahmad']
950,"['GPE: Brøndby', 'GPE: Cuba', 'ORGANIZATION: The Guardian', 'ORGANIZATION: Haribo', 'PRODUCT: Click Mix']"
951,"['LOCATION: Lolland-Falster', 'QUANTITY: tre tusinde milliliter']"
952,"['QUANTITY: 80tons', 'QUANTITY: 332 ml']"
953,['PERSON: Georgios']
954,"['LOCATION: Fyn', 'TIME: i morges', 'GPE: Aabenraa']"
955,"['LOCATION: Esrum Sø', 'GPE: Solbjerg']"
956,['DATE: 12. Oktober 1985']
957,"['PERSON: Aneta Justesen', 'PERSON: Sebastian Rosendal Munch', 'GPE: Haiti']"
958,['GPE: Hornslet']
959,"['PERCENT: 69.42 %', 'PERSON: Høyer']"
960,"['ORDINAL: 4.', 'LAW: straffelovens § 289']"
961,['PERCENT: 77 %']
962,"['GPE: Qatar', 'NORP: Moderaterne', ""DATE: Fredag, 25. Oktober '91""]"
963,['DATE: 23-10-92']
964,"['LANGUAGE: slovakisk', 'GPE: England']"
965,"['ORDINAL: 12.', 'LANGUAGE: german']"
966,['ORGANIZATION: DLA Agro AmbA']
967,['FACILITY: Bohrs Tårn']
968,['NORP: Dansk Folkeparti']
969,"['MONEY: 14kr', 'CARDINAL: seksten']"
970,"['PERCENT: 53 %', 'PRODUCT: Wii']"
971,"['DATE: 10 Jun, 1975', 'PERCENT: otte procent']"
972,['QUANTITY: halvfems L']
973,['GPE: Portugal']
974,"[""WORK OF ART: Funk'erne"", 'ORDINAL: 1.']"
975,"['GPE: Dronninglund', 'LAW: Bill of Rights']"
976,['PERCENT: 69%']
977,['MONEY: fyrre kr']
978,['LANGUAGE: catalansk']
979,['NORP: nordmænd']
980,['WORK OF ART: Erasmus Montanus']
981,"['PERSON: Suzanna Brøgger', 'PERCENT: 65%', 'GPE: Danmark', 'DATE: Marts']"
982,['ORDINAL: 1.']
983,['QUANTITY: 278 millimeter']
984,['CARDINAL: 1']
985,['LANGUAGE: dansk']
986,"['PERSON: Line Kruse', 'WORK OF ART: Noget i luften']"
987,"['WORK OF ART: Under sandet', 'LANGUAGE: engelsk']"
988,['ORGANIZATION: PET {politiets efterretningstjeneste}']
989,"['GPE: Esbjerg', 'DATE: sidste uge']"
990,"['PERSON: Stig Schwartzbach Bach', 'PERCENT: 26.3 %']"
991,['PERSON: Bill Gates']
992,"['LOCATION: Aalborg Øst', 'NORP: Radikale Venstre']"
993,['NORP: Radikale Venstre']
994,"['PERSON: Aya Studsgaard Thomasen', 'ORGANIZATION: Elgiganten A/S']"
995,"['PRODUCT: Kit Kat', 'TIME: i nat', 'DATE: 15 år']"
996,"['PRODUCT: Brook Knit Rib Cardigan', 'WORK OF ART: Familien fra Bryggen', 'PERSON: Lund']"
997,['PERCENT: nitten procent']
998,"['TIME: 15.30', 'PERSON: Laura U.', 'LOCATION: Nordsjælland', 'GPE: Kolding']"
999,['PERSON: Taylor Swift']
1000,['DATE: 2003']
1001,['NORP: Enhedslisten']
1002,"['PERCENT: 86%', 'PERSON: Nina Bang', 'PERSON: Sienna Fogsgaard']"
1003,['GPE: Malaysia']
1004,['WORK OF ART: Med kniven for struben']
1005,"['PERSON: Svetlana', 'TIME: fem minutter']"
1006,"['MONEY: 5347 dkk', 'LOCATION: Alperne', 'LOCATION: Lolland-Falster']"
1007,['QUANTITY: 25 liter']
1008,"['GPE: Lundby', 'PERSON: Bertil Thomhav', 'LANGUAGE: svenska']"
1009,['PRODUCT: Kindle']
1010,['PERSON: Lilly Hansen']
1011,['LANGUAGE: rumænsk']
1012,"['MONEY: en krone', 'PERSON: Dolph', 'TIME: formiddag', 'LAW: værgemålslovens § 1, stk. 1']"
1013,['NORP: Venstre (V)']
1014,"['LOCATION: Sydsjælland', 'NORP: dansk', 'DATE: et år']"
1015,"['GPE: Turkmenistan', 'NORP: tyskere']"
1016,"['PERCENT: 98.25 %', 'MONEY: 196 $']"
1017,['WORK OF ART: Krøniken']
1018,"['NORP: dansk', 'GPE: Hamburg']"
1019,"['PERCENT: ti procent', 'PERCENT: 18 %']"
1020,['WORK OF ART: Stratego']
1021,"['PERCENT: 48.34 %', 'NORP: polsk']"
1022,['LANGUAGE: kinesisk']
1023,"['PRODUCT: Erdinger Weissbier', 'DATE: 31/01/84']"
1024,['DATE: 24/Maj/1984']
1025,"['MONEY: ti tusinde pund', 'CARDINAL: 100']"
1026,['GPE: København']
1027,['GPE: Kolding']
1028,"['TIME: formiddag', 'LANGUAGE: bulgarsk']"
1029,['ORGANIZATION: Arizon Cardinals']
1030,"['MONEY: DKK161', 'QUANTITY: 196 centimeter']"
1031,"['WORK OF ART: Let Your Fingers Do The Walking', 'WORK OF ART: Smells like Teen Spirit', 'GPE: Viby', 'FACILITY: Helligåndskirken']"
1032,"['PRODUCT: Big Mac', 'PERSON: Storm P.', 'GPE: Peru']"
1033,['NORP: danskere']
1034,['GPE: Polen']
1035,['GPE: Greve']
1036,['MONEY: 234 kroner']
1037,['ORDINAL: 11.']
1038,"['GPE: Budapest', 'GPE: Randers']"
1039,['PRODUCT: VitaPower Blender MMB6141B']
1040,['EVENT: VM-slutrunden']
1041,['MONEY: 107 kronor']
1042,['LOCATION: Congo-Chambeshi']
1043,['PERSON: Terkel']
1044,"['TIME: i aften', 'NORP: tyske', 'EVENT: 2. Verdenskrig', 'PRODUCT: AR-15 {weapon}']"
1045,['QUANTITY: 33 m']
1046,"['NORP: jødisk', 'EVENT: juleaften', 'MONEY: 87dkk']"
1047,['MONEY: dkk193']
1048,['CARDINAL: 45']
1049,"['NORP: kristne trossamfund', 'ORGANIZATION: Google', 'GPE: Randers', 'GPE: Malta']"
1050,"['PERCENT: 64%', 'GPE: Lille Skensved', 'LANGUAGE: engelsk']"
1051,['EVENT: klimatopmødet COP24']
1052,['DATE: 11. December 1984']
1053,"['ORGANIZATION: Pandora', 'GPE: Hammel', 'MONEY: halvfems tusinde dkk', 'PERSON: Slawomir L.']"
1054,"['LOCATION: Rebild Bakker', 'PERSON: Melina']"
1055,"['WORK OF ART: Nattevagten', 'GPE: Dragør', 'PERSON: Ritta Bro']"
1056,['LANGUAGE: russisk']
1057,"['PRODUCT: Daylite Plus rygsæk', 'MONEY: ni kroner']"
1058,"['PERCENT: 60 %', 'GPE: Paris', 'PERSON: Karl V. Schneider', 'PERSON: DJ Snakes', 'WORK OF ART: Lean On']"
1059,"['MONEY: 13KR', 'PRODUCT: Påfuglestolen', 'NORP: dansker']"
1060,['DATE: December']
1061,"['FACILITY: Motorring 4', 'CARDINAL: to']"
1062,"['ORGANIZATION: @superligaen', 'LOCATION: Nordsjælland', 'PERSON: Asta U. Thordal']"
1063,"['QUANTITY: tres mL', 'WORK OF ART: Rødby-Puttgarden']"
1064,['GPE: Bern']
1065,"['DATE: Februar', 'LANGUAGE: italiensk']"
1066,"['LAW: Arveloven', 'EVENT: Ryder Cup']"
1067,['LANGUAGE: hollandsk']
1068,['ORGANIZATION: FN {united nations}']
1069,"['LOCATION: Nordsjælland', ""PRODUCT: Ben & Jerry's Cookie Dough""]"
1070,['CARDINAL: tre']
1071,"['ORGANIZATION: Nets {payment system}', 'CARDINAL: 8']"
1072,"['DATE: en måned', 'DATE: 10-årig', 'PERSON: Holm-Hansen', 'TIME: i nat']"
1073,['TIME: 2 minutter']
1074,"['PERCENT: 34 %', 'GPE: Galten']"
1075,"['FACILITY: Ribe Domkirke', 'WORK OF ART: En Dag Tilbage', 'GPE: Danmark']"
1076,['NORP: Kristne']
1077,['FACILITY: Østergade']
1078,"['PERSON: Marcel Ladefoged', 'DATE: 17/08/95', 'TIME: to minutter', 'FACILITY: Billund lufthavn']"
1079,"['LANGUAGE: italiensk', 'QUANTITY: sytten meter', 'ORGANIZATION: University College SYD']"
1080,"['EVENT: 1.Verdenskrig', 'NORP: Enhedslisten', 'PERSON: Rebekka', 'LOCATION: Fyn']"
1081,['PRODUCT: Golf {car}']
1082,"['LANGUAGE: swahili', 'NORP: Siumut', 'ORGANIZATION: Snapchat', 'MONEY: halvfems hundrede danske kroner']"
1083,['GPE: Vejle']
1084,['ORGANIZATION: Kremlin']
1085,"['WORK OF ART: Broen {tv series}', 'FACILITY: Georg Walther Andersens Vænge']"
1086,"['LOCATION: det døde hav', 'PERSON: Gunhild Frandsen']"
1087,['PERCENT: 32 %']
1088,['GPE: Danmark']
1089,['LOCATION: Randers']
1090,['DATE: November']
1091,"['ORDINAL: sjette', 'PERCENT: 90 %']"
1092,['ORDINAL: 1.']
1093,['LOCATION: Midt- og Vestjylland']
1094,['TIME: 10 timer']
1095,['LOCATION: Sønderjylland']
1096,"['PERCENT: ti procent', 'ORGANIZATION: Instagram', 'DATE: 25-10-1980']"
1097,"['QUANTITY: 9245 cl', 'DATE: 18 uger', 'PERSON: @mathildegoehler']"
1098,['WORK OF ART: Get Ur Freak On']
1099,['WORK OF ART: Den kroniske uskyld']
1100,['PERSON: Piet Hein']
1101,"['TIME: eftermiddag', 'NORP: muslimerne']"
1102,"['QUANTITY: 161 cm', 'GPE: Esbjerg']"
1103,['NORP: spanioler']
1104,['CARDINAL: 2']
1105,['LANGUAGE: arabisk']
1106,"['NORP: tysk', 'PERCENT: atten procent']"
1107,['PERSON: Donald Trump']
1108,"['CARDINAL: 60', 'LOCATION: Varde Å']"
1109,"['PERCENT: tres procent', 'DATE: 11/12/16']"
1110,"['NORP: nordmænd', 'LANGUAGE: thai', 'PERSON: Rosemarie']"
1111,"['GPE: Norge', 'ORDINAL: tiende', 'GPE: Oslo']"
1112,['ORGANIZATION: Siemens Gamesa Renewable Energy A/S']
1113,"['ORGANIZATION: Roskilde Universitet', 'WORK OF ART: Enten-Eller', 'PERSON: Lisa']"
1114,['LOCATION: Rubjerg Knude']
1115,"['EVENT: 1. Verdenskrig', 'WORK OF ART: Danmarksfilm {book}']"
1116,"['LOCATION: Jylland', 'LANGUAGE: ukrainsk']"
1117,['PERSON: Frost']
1118,['LAW: værgemålslovens § 5']
1119,"['DATE: 06. August 2007', 'ORGANIZATION: Microsoft', 'DATE: Søndag']"
1120,"['TIME: 12.30 - 14.15', 'LOCATION: Aalborg SØ', 'DATE: 11. Mar 90']"
1121,['CARDINAL: syv']
1122,['PERSON: Birte Laugesen']
1123,"['PERSON: Elo Bendtsen Koch', 'CARDINAL: 1/3']"
1124,"['DATE: 2007', 'QUANTITY: 259 gram']"
1125,['ORGANIZATION: Forenede Nationer']
1126,"['LOCATION: Vadehavet', 'NORP: danske']"
1127,"['QUANTITY: 67 L', 'NORP: polsk']"
1128,"['QUANTITY: 120m', 'QUANTITY: 109 m^3', 'TIME: kl 13.30']"
1129,"['WORK OF ART: Til middag hos...', 'PERSON: Lissi Rosendahl Bøgh', 'LOCATION: Midtjylland', 'PERSON: Helle Helle', 'WORK OF ART: Hvis det er']"
1130,"['EVENT: Koreakrigen', 'GPE: Toftlund', 'PRODUCT: PS5']"
1131,['WORK OF ART: A Change Is Gonna Come']
1132,"['ORGANIZATION: Aarhus Uni', 'PERSON: Cornelius Mohamed']"
1133,['GPE: Finland']
1134,['GPE: Liechtenstein']
1135,['GPE: Århus']
1136,"['MONEY: 39kr.', 'GPE: Helsinge']"
1137,"['NORP: dansker', 'WORK OF ART: Kvinde Min', 'LOCATION: Sjælland', 'CARDINAL: tre']"
1138,"['QUANTITY: 107 m', 'PRODUCT: Odense 1859 {beer}', 'DATE: 15-01-2023', 'NORP: muslimerne']"
1139,"['WORK OF ART: Rockstar', 'CARDINAL: ti']"
1140,"['DATE: 2008', 'NORP: svenskere']"
1141,['PERSON: Abdullah Frederiksen']
1142,"['CARDINAL: otto', 'PRODUCT: OneBlade Pro']"
1143,['GPE: Kbh']
1144,"['PRODUCT: Splash Vase Round', 'GPE: Malmö', 'LOCATION: Sydsjælland']"
1145,"['DATE: 29-05-15', 'WORK OF ART: Om udregning af rumfang']"
1146,['QUANTITY: 33 km']
1147,"['GPE: Esbjerg', 'WORK OF ART: Pulp Fiction']"
1148,['PRODUCT: Chromecast']
1149,['LANGUAGE: persisk']
1150,['PERCENT: firs procent']
1151,['PERCENT: 66%']
1152,['FACILITY: Aarhus Lufthavn']
1153,"['PERSON: Chris', 'QUANTITY: 68 KM']"
1154,"['WORK OF ART: Sommer i Sunny Beach', 'FACILITY: Studstrupværket']"
1155,['WORK OF ART: Robinson Ekspeditionen']
1156,"['ORGANIZATION: Danmarks Radio', 'PERSON: Bodil Ipsen']"
1157,['WORK OF ART: De grønne slagtere']
1158,['NORP: muslimsk']
1159,"['GPE: Esbjerg', 'WORK OF ART: Huden er det elastiske hylster der omgiver hele legemet', 'ORDINAL: 2.']"
1160,['DATE: 1981']
1161,"['TIME: 20.00 - 20.30', 'DATE: 2001']"
1162,['TIME: 06.00-15.00']
1163,['PERSON: Linse Kessler']
1164,"['EVENT: VM i ishockey, Herning og København', 'GPE: Singapore', 'NORP: japanerne', 'LAW: §§ 6-9']"
1165,"['NORP: muslimerne', 'LANGUAGE: spansk']"
1166,"['WORK OF ART: Jeg Ved Det Godt', 'PERSON: MØ', 'PERSON: Inna Sandstrøm Vium']"
1167,['PERSON: Michael']
1168,['FACILITY: Dokk1']
1169,['LANGUAGE: dansk']
1170,['ORGANIZATION: Netflix']
1171,['ORGANIZATION: Viaplay']
1172,['NORP: svenskere']
1173,['GPE: Fanø']
1174,"['GPE: Beder', 'PERSON: Molly Mathiesen', 'PERSON: Dan Jørgensen', 'NORP: (S)']"
1175,['DATE: November']
1176,"['GPE: Albanien', 'PERSON: Lisette Truong Christensen', 'ORGANIZATION: Insta {instagram}']"
1177,['ORDINAL: 9.']
1178,"['DATE: Mandag', 'PERSON: Joseph Stalin']"
1179,['PRODUCT: Thermoball Traction Winter Mules']
1180,['DATE: 07. Juli 2013']
1181,['CARDINAL: fire']
1182,['NORP: Det Konservative Folkeparti']
1183,"['LANGUAGE: svensk', 'LOCATION: Midtfyn']"
1184,"['LANGUAGE: dansk', 'GPE: Kbh']"
1185,['MONEY: 337kr.']
1186,"['ORDINAL: første', 'LANGUAGE: hindi']"
1187,"['GPE: Sakskøbing', 'DATE: 28-06-97']"
1188,"['QUANTITY: 178 KM', 'PERCENT: ti procent', 'ORGANIZATION: herrelandsholdet']"
1189,"['LAW: Danske lov af 1683, Bog 1', 'ORGANIZATION: @twittter', 'ORGANIZATION: folketinget']"
1190,"['FACILITY: Nyholm', 'LANGUAGE: nynorsk', 'DATE: en måned']"
1191,"['LOCATION: Als', 'TIME: i aften']"
1192,"['PERCENT: 66%', 'PERCENT: tusind procent']"
1193,"['LOCATION: Sjælland', 'LOCATION: Sjælland']"
1194,['ORGANIZATION: SpaceX']
1195,"['PRODUCT: Duo Concealer', 'GPE: Denmark', 'PERSON: Karina Aida']"
1196,"['MONEY: 278 kr.', 'NORP: muslimer']"
1197,['PERCENT: 9.85%']
1198,"['GPE: Vietnam', 'CARDINAL: tre']"
1199,"['PERSON: Michelle Obama', 'TIME: kl 10.00', 'FACILITY: CPH lufthavn', 'ORGANIZATION: NIKE', 'PRODUCT: Dunk High']"
1200,['PERSON: Katja B. Ünal']
1201,['LOCATION: Jylland']
1202,['NORP: Dansk Folkeparti']
1203,"['WORK OF ART: Fight Club', 'ORGANIZATION: KU {university}']"
1204,"['GPE: Usbekistan', 'WORK OF ART: Midt i en jazztid', 'ORGANIZATION: United {football team}']"
1205,['PERSON: Milas Lauritzen']
1206,['PERSON: Kenn I.']
1207,"['PERCENT: seks procent', 'LOCATION: Sjælland']"
1208,"['PERSON: Jess Hasselstrøm Husted', 'PERSON: Helena Krogsgaard', 'PERSON: Sigurd Langberg', 'WORK OF ART: Naar Bønder elsker']"
1209,['PERCENT: 40 %']
1210,"['PERCENT: tretten procent', 'ORGANIZATION: youSee']"
1211,"['CARDINAL: en', 'GPE: Rusland']"
1212,"['PERSON: Magne V. Kastrup', 'WORK OF ART: Someone You Loved']"
1213,"['PERCENT: 94%', 'PERSON: Sørensen']"
1214,"['FACILITY: Lærkevej 13', 'PERSON: Herdis', 'ORGANIZATION: TikTok']"
1215,"['PERSON: Østergaard', 'WORK OF ART: Fiskerne']"
1216,"['GPE: Aalborg', 'PERCENT: 22.71 %']"
1217,"['PERSON: Danny Z.', 'QUANTITY: 219 gram']"
1218,"['ORDINAL: anden', 'DATE: overmorgen']"
1219,['PERCENT: 91%']
1220,['LOCATION: Midtjylland']
1221,"['DATE: Tirsdag', 'LOCATION: Jylland', 'PERSON: Josephine Skriver']"
1222,"['NORP: Enhedslisten', 'DATE: 04. Juni 1979']"
1223,"['PERSON: Hjalte W.', 'WORK OF ART: Dance Monkey']"
1224,['PERSON: Augusta N. Hoelgaard']
1225,['PERCENT: 16 %']
1226,['PERSON: Ibrahim Jacobsen']
1227,"['PERCENT: 32%', 'QUANTITY: 326 meter', 'PERSON: Naser Khader']"
1228,"['WORK OF ART: Det forsømte forår', 'PERCENT: 36 %']"
1229,"['CARDINAL: 2', 'ORGANIZATION: OB {football team}']"
1230,"['ORDINAL: femte', 'GPE: Columbia']"
1231,"['LOCATION: Midtfyn', 'GPE: Amsterdam', 'PERSON: Dan Jørgensen', 'NORP: (A)']"
1232,"['PRODUCT: Extended Play Gigablack Lash Intense Black', 'TIME: 23.00', 'PERSON: Lucca Krog Sommer']"
1233,"['PRODUCT: Nintendo Switch', 'QUANTITY: 185KM']"
1234,"['MONEY: 196kroner', 'ORDINAL: 13.']"
1235,['GPE: Tyskland']
1236,['MONEY: 95€']
1237,"['ORGANIZATION: Tesla', 'PRODUCT: Model S']"
1238,"['NORP: Nye Borgerlige', 'PERCENT: 5 %']"
1239,"['LOCATION: Sydsjælland', 'ORGANIZATION: Alphabet']"
1240,['QUANTITY: 3075 kg']
1241,['GPE: Estland']
1242,['GPE: Holland']
1243,"['PERSON: Tanya Würtz', 'WORK OF ART: X-Factor']"
1244,['DATE: November']
1245,"['DATE: 06. August 2013', 'PERCENT: halvfems procent']"
1246,['PRODUCT: Macbook']
1247,['PERSON: Wilhelm Andresen Hadi']
1248,"['PRODUCT: Kinderæg', 'PERSON: Valdemar Caspersen', 'LOCATION: Mallorca']"
1249,['PERSON: Kristine Victoria']
1250,"['LOCATION: Stadil Fjord', 'PRODUCT: Easy pro frituregryde FR333070', 'GPE: Danmark']"
1251,"['WORK OF ART: Hjørringvej {movie}', 'NORP: Danmarksdemokraterne']"
1252,"['ORGANIZATION: Chelsea', 'PRODUCT: Oatly Oat Drink Barista', 'GPE: Vejle']"
1253,['GPE: Zimbabwe']
1254,"['LOCATION: Andesbjergene', 'PERSON: Stephanie Gregersen']"
1255,"['ORDINAL: første', 'FACILITY: Den gamle Lillebæltsbro']"
1256,['PERSON: Nicolas']
1257,['GPE: Aarhus']
1258,"['LOCATION: Lolland', 'MONEY: DKK 163', 'PERSON: Lars Løkke Rasmussen', 'NORP: (M)']"
1259,['NORP: dansk']
1260,['PERCENT: 99%']
1261,"['NORP: Danmarksdemokraterne', 'PERSON: James Bond']"
1262,"['EVENT: VM i Qatar', 'GPE: Roskilde', 'MONEY: 7122Dkk']"
1263,"['PRODUCT: Everyday Tote Bag', 'NORP: dansker', 'GPE: Hviderusland']"
1264,"['LOCATION: Sjælland', 'PRODUCT: Combi XXL Connected Airfryer', 'GPE: København', 'WORK OF ART: Divaer i Junglen']"
1265,"['DATE: næste måned', 'PERSON: Karla Jønsson Graversen']"
1266,"['PERSON: Elisa Skov', 'ORGANIZATION: Amazon']"
1267,"['ORDINAL: 10.', 'GPE: Kolding']"
1268,"['PERCENT: seksten procent', 'GPE: Aarhus']"
1269,"['LANGUAGE: svensk', 'PRODUCT: Curly Low-Poo Shampoo', 'GPE: Padborg', 'PERCENT: 54.96 %']"
1270,['PRODUCT: Fidget spinner']
1271,"['LANGUAGE: islandsk', 'QUANTITY: 2599meter', 'GPE: Iran']"
1272,"['LAW: Jim Crow-lovene', 'EVENT: COP20', 'ORGANIZATION: Fibia']"
1273,['FACILITY: Københavns Lufthavn']
1274,['TIME: 10-16']
1275,"['EVENT: nytår', 'MONEY: 7576 euro', 'GPE: Bagsværd']"
1276,"['GPE: Samsø', 'ORDINAL: anden', 'LOCATION: Esbjerg N']"
1277,"['PERCENT: 94 %', 'NORP: SF - Socialistisk Folkeparti', 'LAW: Komitéloven']"
1278,"['ORDINAL: anden', 'ORGANIZATION: Ministeriet for Digitalisering', 'TIME: i aftes', 'GPE: Zagreb']"
1279,"['WORK OF ART: Afdeling Q-filmene', 'MONEY: 327 kr.']"
1280,['MONEY: 9678kroner']
1281,['MONEY: halvfems øre']
1282,"['ORGANIZATION: SAS AB', 'WORK OF ART: Biblen', 'DATE: Marts']"
1283,['MONEY: en krone']
1284,"['FACILITY: Skovtårnet', 'GPE: Skanderborg']"
1285,['PERSON: Storm']
1286,['GPE: Frankfurt']
1287,"['DATE: 19-10-2003', 'GPE: Etiopien']"
1288,"['TIME: i nat', 'ORGANIZATION: Haribo', 'PRODUCT: Vampyrer']"
1289,"['PERCENT: 69%', 'DATE: 11/02/05', 'TIME: 5 minutter over 16', 'MONEY: 13 KR']"
1290,['PERSON: @braithwaiteofficial']
1291,"['ORGANIZATION: Danish Crown', 'LANGUAGE: dansk']"
1292,['PERCENT: 63%']
1293,"['PERCENT: 1 %', 'NORP: danskere']"
1294,['QUANTITY: 196 cl']
1295,"['WORK OF ART: Pokemon', 'GPE: Holland', 'LOCATION: Rold Skov']"
1296,"['EVENT: Human Genome Projektet', 'PERCENT: 32.94 %']"
1297,['ORGANIZATION: Scanpix']
1298,['DATE: 11. December 2001']
1299,"[""DATE: 1910'erne""]"
1300,"['WORK OF ART: Druk', 'ORGANIZATION: Energinet']"
1301,['PERSON: Andrea']
1302,['GPE: Nederlandene']
1303,"['PERSON: Thorbjørn Fogsgaard Svenningsen', 'LAW: Barselsloven']"
1304,['GPE: USA']
1305,['GPE: Hurup Thy']
1306,"['LOCATION: Kreta', 'PERCENT: 99 %']"
1307,['PERSON: Marcin']
1308,"['MONEY: 9665 dollars', 'PERSON: Sabine Kragh']"
1309,"['GPE: Aalborg', 'DATE: Maj', 'NORP: RV {political party}']"
1310,"['NORP: Kristne', 'PERCENT: 84 %', 'PERSON: Arne W. Therkildsen']"
1311,"['CARDINAL: 2,5', 'MONEY: 35 pesos', 'GPE: Indien']"
1312,['CARDINAL: 1']
1313,"['LAW: naturbeskyttelseslovens § 60 a', 'PERSON: @josefinehj']"
1314,"['MONEY: firs dollars', 'GPE: Holbæk', 'GPE: Nakskov']"
1315,"['GPE: Solrød', 'GPE: Lissabon', 'WORK OF ART: Moby Dick']"
1316,"['WORK OF ART: Før daggry', 'PERSON: Frederik']"
1317,['GPE: Kina']
1318,"['DATE: Oktober 27 2014', 'MONEY: 3221 kr']"
1319,"['FACILITY: Silkeborgtunnellen', 'NORP: LA {political party}']"
1320,"['PERSON: Peter Øster Villumsen', 'PERSON: Pippi Langstrømpe', 'PRODUCT: Odense Pilsner']"
1321,['PERCENT: 71 %']
1322,['TIME: i aften']
1323,"['PERCENT: 13 %', 'MONEY: 80danske kroner', 'GPE: Blåvand']"
1324,['ORGANIZATION: Europæiske Union']
1325,['LOCATION: Nordsjælland']
1326,"['PERSON: Columbus', 'ORGANIZATION: Salling Group', 'NORP: tysker', 'MONEY: 87kroner']"
1327,['QUANTITY: 295 mL']
1328,"['DATE: et år', 'NORP: hinduer']"
1329,"['ORGANIZATION: Stiftstidende', 'PERSON: Kaj', 'PERSON: Andrea']"
1330,"['QUANTITY: 196liter', 'PERCENT: 94.63 %']"
1331,"['GPE: Thyborøn', 'PERSON: Tristan Paul']"
1332,"['LANGUAGE: indisk', 'PERSON: Frida Iversen Ipsen', 'PERCENT: 77 %', 'PERSON: Pontoppidan', 'WORK OF ART: Lykke-Per']"
1333,"['ORGANIZATION: Zealand - Sjællands Erhvervsakademi', 'MONEY: 107kroner', 'PERSON: Sofie Bro Nørregaard', 'PERSON: Alex Vanopslagh']"
1334,['CARDINAL: 56']
1335,['QUANTITY: 290 m^2']
1336,['PERCENT: 85 %']
1337,['ORGANIZATION: Apple {company}']
1338,"['ORGANIZATION: RUC {university}', 'QUANTITY: tolv decimeter', 'PERCENT: 57 %']"
1339,['NORP: franskmænd']
1340,"[""WORK OF ART: Schindler's Liste""]"
1341,['FACILITY: Storebæltsbroen']
1342,['LAW: CO2-kvoteloven']
1343,"['LOCATION: Syddanmark', 'LOCATION: det Sydlige Ishav']"
1344,"['WORK OF ART: Brudstykker af en Landsbydegns dagbog', 'DATE: 02-04-1974', 'PERSON: Nørregaard']"
1345,['DATE: halvtredsårig']
1346,['QUANTITY: otte tusinde meter']
1347,"['GPE: Vanløse', 'LOCATION: Falster']"
1348,['PERSON: Natasha']
1349,['TIME: eftermiddag']
1350,['CARDINAL: 15']
1351,['EVENT: Sovjetunionens sammenbrud']
1352,"['GPE: Vallensbæk', 'GPE: Yemen']"
1353,"['QUANTITY: 152 kvadratmeter', 'PERSON: Asta Nielsen']"
1354,['PRODUCT: Dumle Slikkepind']
1355,['LAW: § 77']
1356,"['PRODUCT: Jackie Year Bird 2023 {wooden figure}', 'TIME: formiddag', 'GPE: Moldova']"
1357,"['PERSON: Josefine', 'GPE: Frederiksberg', 'QUANTITY: halvfjerds hundrede liter']"
1358,['MONEY: DKK 35']
1359,['GPE: Danmark']
1360,['NORP: de kristne']
1361,"['PERSON: Fabricius', 'LOCATION: Midtfyn', 'PERSON: Rebecca S. Bie']"
1362,['LANGUAGE: panjabi']
1363,"[""PERSON: The Weekend's"", 'WORK OF ART: Blinding Lights']"
1364,"['GPE: Tórshavn', 'EVENT: 11. september {terror attack}', 'PERSON: Nina Agdal', 'PERSON: Orla Nissen']"
1365,['PERCENT: 76%']
1366,"['LANGUAGE: arabisk', 'PERSON: Kanye West', 'WORK OF ART: FourFiveSeconds']"
1367,['PERSON: Hald']
1368,['EVENT: Cyklonen Nagir']
1369,['PRODUCT: Faxe Kondi']
1370,"['ORGANIZATION: byretterne', 'LOCATION: Nordjylland']"
1371,"['ORGANIZATION: Audi', 'PRODUCT: A6']"
1372,"['PERSON: Ditte Gry', 'LANGUAGE: oromo', 'LAW: Innovationsloven']"
1373,['LANGUAGE: fransk']
1374,['PERSON: Kim Gerner']
1375,['TIME: kl 05.00']
1376,['MONEY: 4917 danske kroner']
1377,"['LOCATION: Jylland', 'GPE: Glasgow']"
1378,"['ORDINAL: første', 'PERCENT: 54.96 %']"
1379,['LANGUAGE: arabisk']
1380,['CARDINAL: 30000']
1381,['GPE: Danmark']
1382,"['GPE: Roskilde', 'FACILITY: Svendborgsundbroen']"
1383,"['NORP: Det Radikale Venstre', 'PERSON: Susan Johansson']"
1384,['TIME: 08.15']
1385,"['PERSON: Mie Ipsen', 'PERCENT: 31 %']"
1386,"['DATE: Torsdag', 'CARDINAL: 203', 'GPE: Reykjavik']"
1387,['FACILITY: Aarhus hovedbanegård']
1388,"['ORGANIZATION: Århus Maskinmesterskole', 'ORGANIZATION: Logitech', 'PRODUCT: G PRO']"
1389,['GPE: Sabro']
1390,['MONEY: 259 danske kroner']
1391,['PERSON: Christel']
1392,['NORP: indere']
1393,['MONEY: Dkk113']
1394,['WORK OF ART: Paradise Hotel']
1395,"['QUANTITY: 252 fahrenheit', 'DATE: 09/09/05']"
1396,['GPE: Aarhus']
1397,"['DATE: en måned', 'MONEY: 241dollars']"
1398,"['WORK OF ART: Ludo', 'EVENT: Vietnamkrigen']"
1399,['LOCATION: Lolland']
1400,"['PRODUCT: Donna Born in Roma Eau de Parfum', 'ORGANIZATION: Los Angeles Rams', 'MONEY: 213KR']"
1401,['MONEY: en krone']
1402,['MONEY: GBP 267']
1403,"['WORK OF ART: Lolita', 'ORGANIZATION: Louisiana {museum}', 'MONEY: syv millioner kr']"
1404,"['GPE: Kina', 'PERCENT: 99 %']"
1405,"['ORDINAL: tredje', 'PERSON: Lilli', 'GPE: Italien']"
1406,['CARDINAL: 5']
1407,"['EVENT: nytårsaften', 'FACILITY: Aarhus Domkirke']"
1408,['ORGANIZATION: Mærsk']
1409,"['GPE: Gilleleje', 'PERCENT: 84.25 %']"
1410,"['LANGUAGE: spansk', 'PRODUCT: GoPro MAX']"
1411,"['WORK OF ART: X Factor', 'PERCENT: 39 %']"
1412,"['ORDINAL: 15.', 'LANGUAGE: dansk']"
1413,"['WORK OF ART: In Search of Lost Time', 'GPE: Tørring', 'GPE: Bukarest', 'PERSON: Eric']"
1414,"['EVENT: nytår', 'PERSON: Else Brink']"
1415,['NORP: danske']
1416,['PRODUCT: Tuborg Grøn']
1417,"['PERSON: Felicia K. Bentzen', 'PERSON: Alberte V.', 'PERSON: Dorthe Q.']"
1418,['ORGANIZATION: Huawei']
1419,"['LOCATION: Mors', 'LANGUAGE: marathi', 'PERSON: Freddy Stefan']"
1420,"['LOCATION: Gribskov', 'WORK OF ART: Sunflower']"
1421,"['LOCATION: Syd- og Sønderjylland', 'LAW: retsplejelovens § 56 stk']"
1422,['PERSON: Tine']
1423,"['GPE: Linköping', 'WORK OF ART: Alene i vildmarken']"
1424,['LOCATION: Råbjerg Mile']
1425,"['LOCATION: Rødehavet', 'NORP: jøder']"
1426,"['PRODUCT: Base Camp Duffel', 'ORGANIZATION: FC Barcelona', 'FACILITY: Storebæltsbroen']"
1427,"['GPE: Kroatien', 'PERCENT: 65 %', 'PRODUCT: Wonder Perfect Mascara 4D 01 Black']"
1428,"['NORP: De Radikale', 'PERCENT: 28 %']"
1429,['ORGANIZATION: Vestas']
1430,"['WORK OF ART: Ulysses', 'FACILITY: Målev flyveplads', 'PERCENT: 29%']"
1431,"['DATE: 3 år', 'MONEY: 3221danske kroner']"
1432,['WORK OF ART: Mesteren og Margarita']
1433,['QUANTITY: 332 L']
1434,['DATE: 26/12/96']
1435,"['ORGANIZATION: DSV', 'DATE: 1981', 'CARDINAL: fjorten']"
1436,"['GPE: Roskilde', 'ORGANIZATION: Sonos', 'PRODUCT: Move']"
1437,['GPE: Copenhagen']
1438,"['ORDINAL: 1.', 'PERCENT: 4 %']"
1439,"['ORGANIZATION: Syddansk', 'DATE: 19-09-1992']"
1440,['DATE: fire uger']
1441,['GPE: Kolding']
1442,['QUANTITY: 295 KG']
1443,['MONEY: firs hundrede kroner']
1444,"['PERCENT: 56 %', 'PERCENT: seks procent']"
1445,['QUANTITY: 193 dusin']
1446,"['ORGANIZATION: FBI', 'NORP: Veganerpartiet', 'TIME: en time']"
1447,['LOCATION: Nordjylland']
1448,['CARDINAL: 299']
1449,"['ORGANIZATION: Saxo-Instituttet', 'GPE: Næstved']"
1450,"['DATE: Onsdag, 29-Jul-20']"
1451,"['DATE: 1974', 'GPE: Maribo']"
1452,['EVENT: Copenhagen Pride']
1453,['GPE: Odense']
1454,['ORGANIZATION: TV2']
1455,['LOCATION: Nordsjælland']
1456,"['PERSON: Liam Thomasen', 'WORK OF ART: Den Afrikanske Farm ']"
1457,['NORP: svensker']
1458,['DATE: 05. November 2010']
1459,['PERSON: Silke R. Stokholm']
1460,"['DATE: 31/01/85', 'MONEY: 326kr']"
1461,"['MONEY: 161 DKK', 'CARDINAL: to', 'PRODUCT: Emma Electric Kettle']"
1462,"['ORGANIZATION: Det Hvide Hus', 'GPE: Danmark', 'MONEY: ti KR']"
1463,['WORK OF ART: Lykke-Per']
1464,['FACILITY: Københavns Rådhus']
1465,['PERSON: Asbjørn K.']
1466,"['LANGUAGE: tjekkisk', 'LOCATION: Limfjorden']"
1467,"['EVENT: OL i Rio', 'CARDINAL: en']"
1468,"['LOCATION: Aalborg SV', 'ORGANIZATION: Bjerringbro-Silkeborg {handball team}']"
1469,"['PERCENT: 31 %', 'TIME: 17.30']"
1470,['PERSON: Mai-Britt Smith']
1471,['QUANTITY: 4 centiliter']
1472,['LOCATION: Sønderjylland']
1473,"['PERSON: Susanne Bier', 'NORP: Danmarksdemokraterne (DD)']"
1474,['PERSON: Johan']
1475,['LANGUAGE: dansk']
1476,"['ORGANIZATION: SONY', 'LOCATION: Himmelbjerget']"
1477,['CARDINAL: 6']
1478,"['PERSON: Kaj B.', 'LAW: § 1, stk. 2', 'ORGANIZATION: Twitter']"
1479,"['PRODUCT: Apple Watch', 'NORP: norske', 'PERSON: Dirch Passer', 'WORK OF ART: Ved Kongelunden']"
1480,['NORP: danskere']
1481,"['PERSON: Henriksen', 'PERSON: Margot Anja']"
1482,['CARDINAL: 1291']
1483,['TIME: om dagen']
1484,"['GPE: Cph', 'MONEY: 196kr']"
1485,['ORGANIZATION: Viborg kommune']
1486,['PERSON: Anne-Mette Y. Bentsen']
1487,['DATE: firserne']
1488,['QUANTITY: tretten hundrede ton']
1489,['WORK OF ART: Fight the Power']
1490,['LOCATION: Syddanmark']
1491,['NORP: Liberal Alliance (LA)']
1492,['PERCENT: 12%']
1493,['PERSON: Andrzej O.']
1494,"['PERCENT: 89 %', 'PERSON: Kevin']"
1495,"['MONEY: ti kr.', 'QUANTITY: tyve hundrede ppm']"
1496,"['PRODUCT: Matima O-Neck Tee', 'ORDINAL: 1.']"
1497,"['WORK OF ART: Sover Dolly på ryggen?', 'PERSON: Cathrine Lili']"
1498,"['LANGUAGE: dansk', 'QUANTITY: 96 meter']"
1499,['LANGUAGE: bhojpuri']
1500,['PERSON: Oskar Santos']
1501,['GPE: Honduras']
1502,"['WORK OF ART: Pokemon GO', 'CARDINAL: 80', 'MONEY: 218 kr']"
1503,['LANGUAGE: dansk']
1504,['ORGANIZATION: Post Danmark']
1505,['PERSON: Halil A.']
1506,['PERSON: Sussi W. Damgaard']
1507,['EVENT: Wimbledon 2012']
1508,"['LOCATION: Sønderjylland', 'PRODUCT: iPhone']"
1509,"['QUANTITY: syv milliliter', 'MONEY: 161DKK']"
1510,"['LOCATION: Victoria Søen', 'DATE: Onsdag']"
1511,"['CARDINAL: atten', 'GPE: Norge']"
1512,"['PERSON: Morgan Freeman', 'PERSON: Helga N. Warburg']"
1513,['CARDINAL: 4']
1514,"['DATE: 2023', 'CARDINAL: to tusinde']"
1515,"['MONEY: 7417kr.', 'PRODUCT: Cola Zero', 'QUANTITY: 259 mm']"
1516,"['WORK OF ART: Arvingerne', 'ORGANIZATION: Justitsministeriet', 'ORGANIZATION: Danish Agro', 'PERSON: Mark Laustsen']"
1517,['LANGUAGE: slovensk']
1518,['DATE: 2013-02-03']
1519,['MONEY: 9245kroner']
1520,"['EVENT: Tivolis Juleshow', 'WORK OF ART: PacMan', 'ORDINAL: første', 'ORDINAL: tredje']"
1521,"['PERSON: Elias', 'PERCENT: 34 %']"
1522,"['PERCENT: halvfems procent', 'PERSON: Zakaria Johnsen Buch', 'GPE: DK {country}', 'PERSON: Veronica Esra']"
1523,['GPE: Luxembourg']
1524,"['ORGANIZATION: e-Boks Nordic A/S', 'QUANTITY: 252 dm', 'PERSON: Patrick Finn', 'PERSON: Marc']"
1525,"['EVENT: udbytteskandalen', 'PRODUCT: iPhone 14 Plus', 'NORP: dansk']"
1526,['ORGANIZATION: Dagrofa Logistik']
1527,['PERCENT: 34 %']
1528,"['DATE: tolvårig', 'PERSON: Riis', 'GPE: Warszawa', 'LOCATION: Sjælland']"
1529,"['EVENT: juleaften', 'GPE: Irland']"
1530,"['DATE: 10-årig', 'MONEY: 107KR']"
1531,"['GPE: Uruguay', 'QUANTITY: 1475 kilometer', 'PERSON: Caroline Wozniacki']"
1532,"['LOCATION: Midtjylland', 'PERSON: Esben']"
1533,['LOCATION: Midtjylland']
1534,['DATE: 2021']
1535,['PERCENT: 18 %']
1536,"['LANGUAGE: mandarin', 'ORGANIZATION: Rebild kommune']"
1537,['DATE: Lørdag']
1538,['FACILITY: Rosenborg Slot']
1539,['LOCATION: Randers C']
1540,['QUANTITY: 2599 kg']
1541,['ORGANIZATION: Fox News']
1542,"['MONEY: 4917kroner', 'PERCENT: atten procent', 'MONEY: en krone']"
1543,"['LANGUAGE: spansk', 'GPE: Norge']"
1544,['ORDINAL: første']
1545,['EVENT: 2000 Sydney OL']
1546,"['WORK OF ART: Måske Ikke {book}', 'ORGANIZATION: Nike', 'PRODUCT: Air Max 1']"
1547,['NORP: Det Konservative Folkeparti']
1548,"['PRODUCT: AR47 {weapon}', 'ORGANIZATION: Skjern {handball team}', 'NORP: tysk', 'NORP: Radikale Venstre']"
1549,"['PERSON: Sternberg', 'GPE: Dublin', 'PERSON: Elinor M. Bruun', 'LOCATION: Lolland']"
1550,['LOCATION: Sydsjælland']
1551,"['LANGUAGE: hindi', 'ORGANIZATION: C MORE']"
1552,"['PERCENT: 40 %', ""DATE: 90'erne"", 'QUANTITY: 113 mm']"
1553,"['MONEY: 76 $', 'LAW: Inspire-loven']"
1554,['PRODUCT: KiMs Chips']
1555,['LANGUAGE: tysk']
1556,"['LOCATION: Lolland', 'QUANTITY: 89 centiliter']"
1557,['GPE: Hvidovre']
1558,['GPE: Horsens']
1559,['PERSON: Pauline Michelsen']
1560,"['PERSON: Mary Hauge Brøndum', 'PRODUCT: Aben {wooden figure}', 'QUANTITY: 208centimeter']"
1561,['GPE: Aarhus']
1562,"['GPE: Randers', 'EVENT: Golfkrigen']"
1563,"['NORP: aztekere', 'ORGANIZATION: Shell']"
1564,"['PERSON: Thorkil Adam', 'PERCENT: 32 %']"
1565,['ORGANIZATION: Silkeborg kommune']
1566,"['ORGANIZATION: Miami Dolphins', 'ORGANIZATION: Spotify']"
1567,"['PERSON: Kristen Dalgaard Callesen', 'PERSON: Casper Taleb']"
1568,"['QUANTITY: 259 KG', 'PERSON: Solveig Hendriksen']"
1569,['GPE: Odense']
1570,['ORGANIZATION: Ishøj kommune']
1571,"['LANGUAGE: dansk', 'GPE: Tønder']"
1572,"['NORP: Moderaterne', 'LOCATION: Anholt']"
1573,"['PERSON: @hamderkurt', 'QUANTITY: seksten liter']"
1574,['MONEY: to tusinde kr']
1575,['PRODUCT: Duvet Dream Pillow Bag']
1576,['ORGANIZATION: EU']
1577,"['DATE: 10-11-70', 'PRODUCT: Flowerpot VP9', 'PERSON: Agnethe']"
1578,"['QUANTITY: halvfems hundrede KM', 'GPE: København']"
1579,"['NORP: danskere', 'PERCENT: halvfems procent']"
1580,"['LOCATION: Syd- og Sønderjylland', 'PERSON: Rigmor H. Thomassen']"
1581,['MONEY: 67 Dkk']
1582,"['CARDINAL: 1021', 'PERSON: Dennis Eibye']"
1583,['PERSON: Christopher Kjærgaard Nicolaisen']
1584,['CARDINAL: 20312']
1585,"['ORGANIZATION: PostNord AB', 'LAW: Natur- og Miljøklagenævnsloven']"
1586,['PERCENT: 95 %']
1587,['QUANTITY: 3075 m']
1588,"['DATE: syv år', 'LOCATION: Svalbard', 'GPE: Aalborg']"
1589,['LANGUAGE: græsk']
1590,"['CARDINAL: seks hundrede', 'EVENT: Fanø SummerCup', 'WORK OF ART: Sømand Af Verden']"
1591,['CARDINAL: ti']
1592,['CARDINAL: en']
1593,['GPE: Aalborg']
1594,"['EVENT: jul', 'PRODUCT: Kiruna Padded Parka', 'PERSON: Søren Kirkegaards', 'WORK OF ART: Enten-Eller']"
1595,['PERSON: Calvin']
1596,"['MONEY: 9245kroner', 'GPE: Esbjerg']"
1597,"['MONEY: 6859kr', 'PERCENT: fjorten procent', 'CARDINAL: 9']"
1598,['LANGUAGE: dansk']
1599,"['LOCATION: Knudeklint', 'GPE: Faaborg']"
1600,"['MONEY: fjorten dkk', 'ORGANIZATION: Mors-Thy Håndbold']"
1601,['NORP: Socialdemokratiet']
1602,"['PERCENT: 51 %', 'PERCENT: 31.11%', 'PERSON: Patrik Erichsen']"
1603,"['PERSON: @andershemmingsendk', 'PERCENT: tusind procent', 'ORGANIZATION: Herning Blue Fox', 'PERCENT: 86%']"
1604,"['ORGANIZATION: Stark', 'GPE: Klampenborg']"
1605,['GPE: Skovlunde']
1606,"['PRODUCT: Facestudio Lasting Fix Spray', 'LAW: Lov om ændring af lov om midlertidig opholdstilladelse til personer, der i Afghanistan har bistået danske myndigheder m.v.', 'QUANTITY: 87 millimeter']"
1607,"['DATE: Marts', 'PERCENT: tusind procent']"
1608,['LAW: § 5 i økologiloven']
1609,"['LANGUAGE: fransk', 'GPE: Senegal', 'LAW: Navneloven']"
1610,['PERSON: Oscar V. Fisker']
1611,['PERSON: Charlotte Y.']
1612,"['GPE: Danmark', 'MONEY: 108 kroner']"
1613,['CARDINAL: 8']
1614,['MONEY: 196 KR']
1615,['PERSON: Jon']
1616,['PERSON: Ebbe']
1617,"['GPE: Allerød', 'GPE: Ribe']"
1618,"['DATE: 1971', 'ORGANIZATION: DONG energy']"
1619,['TIME: i morges']
1620,"['PERCENT: 2.16%', 'PERCENT: 13 %', 'WORK OF ART: Matador']"
1621,"['EVENT: juleaften', 'MONEY: 25kr']"
1622,"['PERSON: Emma Corneliussen', 'ORGANIZATION: SAS {airline}', 'EVENT: Tsunamien i Indonesien']"
1623,"['GPE: Argentina', 'GPE: Østrig', 'PERSON: Jeannette Ludvigsen Nikolajsen']"
1624,['MONEY: DKK218']
1625,"['QUANTITY: 108 millimeter', 'PERSON: Peter Pan', 'LAW: grundlovens paragraffer om menneskerettigheder (§§ 71-80)']"
1626,"['GPE: Bergen', 'ORGANIZATION: politiet', 'ORGANIZATION: Garmin', 'PRODUCT: Vivofit 4']"
1627,['TIME: eftermiddag']
1628,"['ORGANIZATION: Finansministeriet', 'LOCATION: Fyn', 'LANGUAGE: hindi']"
1629,"['PRODUCT: VitaBoost Blender MMBH6P6B', 'DATE: 14. Oktober 1992']"
1630,"['EVENT: finanskrisen', 'PERSON: Franciska Rosenkilde', 'CARDINAL: femten']"
1631,"['LAW: retsplejelovens § 834, stk. 1, nr. 2 ', 'DATE: Januar']"
1632,['GPE: Ry']
1633,"['PERSON: Nanna', 'TIME: 23:57', 'PERSON: Rasmus Seebach', 'WORK OF ART: Uanset']"
1634,['LOCATION: Cabrera-øgruppen']
1635,['WORK OF ART: Proletar (Hvor Jeg Står)']
1636,['CARDINAL: 1']
1637,['LANGUAGE: litauisk']
1638,['GPE: Somalia']
1639,['PERSON: Olena H.']
1640,['ORGANIZATION: MARTEC']
1641,['LOCATION: det Arktiske Ocean']
1642,['DATE: to måneder']
1643,"['PRODUCT: Ægget {chair}', 'DATE: 15. Februar 2018']"
1644,"['QUANTITY: halvfjerds hundrede kilowatt-timer', 'ORGANIZATION: Institut for Engelsk, Germansk og Romansk']"
1645,['FACILITY: Lillebæltsbroen']
1646,['NORP: Sambandsflokkurin']
1647,['ORGANIZATION: Rema 1000']
1648,['EVENT: 1. Slesviske krig']
1649,"['PERSON: Elise Espersen Broen', 'NORP: Det Konservative Folkeparti']"
1650,"['TIME: 02:58', 'NORP: Socialdemokratiet']"
1651,['GPE: Farsø']
1652,['MONEY: firs euro']
1653,"['MONEY: firs danske kroner', 'PERSON: Christine Kongsgaard']"
1654,['LANGUAGE: hebraisk']
1655,['GPE: Spanien']
1656,['LANGUAGE: japansk']
1657,['GPE: Syrien']
1658,['GPE: Ørsted ']
1659,['NORP: Stram Kurs']
1660,['GPE: Leeds']
1661,"['MONEY: 329USD', 'PERSON: Rasmus Gregersen Frederiksen', 'ORGANIZATION: VW', 'PRODUCT: Golf']"
1662,['LAW: Havneloven']
1663,"['QUANTITY: 13 kg', 'QUANTITY: 113 milliliter']"
1664,"['GPE: Ghana', 'PRODUCT: Macbook Air 15"" M2', 'ORGANIZATION: Svendborg Rabbits']"
1665,"['GPE: Auning', 'WORK OF ART: Orange is the new Black', 'GPE: Nordmakedonien']"
1666,"['GPE: Kerteminde', 'PERSON: William Ladefoged Bech']"
1667,['GPE: Aarhus']
1668,"['PERSON: Kamilla', 'WORK OF ART: Alle Har En Drøm At Befri']"
1669,"['ORGANIZATION: Dallas Cowboys', 'GPE: Slagelse']"
1670,['LOCATION: Møns Klint']
1671,"['WORK OF ART: For lækker til love', 'ORGANIZATION: Nordjyske Medier']"
1672,['PERSON: Karim Bartholdy']
1673,"['GPE: Charlottenlund', 'NORP: konvertitbuddhister']"
1674,"['PERSON: @chriseriksen8', 'MONEY: en krona']"
1675,"['GPE: Sofia', 'DATE: imorgen']"
1676,"['ORGANIZATION: TV2|DANMARK', 'ORGANIZATION: Aalborg Pirates']"
1677,['QUANTITY: 334 kilogram']
1678,['NORP: Socialistisk Folkeparti']
1679,"['DATE: 14-06-1993', 'PERSON: Obama']"
1680,"['PRODUCT: Ceres Top', 'PERCENT: 75 %', 'NORP: danske']"
1681,"['PERCENT: 98%', 'GPE: San Marino']"
1682,"['ORGANIZATION: Midtjylland {football team}', 'GPE: København']"
1683,"['PERSON: Janni Yilmaz', 'PERCENT: ni procent']"
1684,"['QUANTITY: halvfems hundrede kg', 'LANGUAGE: hindi']"
1685,"['NORP: Konservative', 'LOCATION: Sjælland']"
1686,"['NORP: danske', 'LOCATION: Bornholm', 'PERSON: Gunver Wissing Magnussen', 'DATE: elleve måneder']"
1687,['MONEY: 7417 kr']
1688,['NORP: Javnaðarflokkurin']
1689,"['CARDINAL: fire', 'MONEY: 2720 USD', 'LOCATION: Sønderjylland']"
1690,"['PERSON: Nilas', 'PERSON: Filip Rosendal']"
1691,['MONEY: 176KR']
1692,"['PERSON: Alex Truelsen Hald', 'ORGANIZATION: Designskolen Kolding']"
1693,['PERCENT: 5 %']
1694,"['QUANTITY: 1475 sømil', ""DATE: 90'erne""]"
1695,"['ORGANIZATION: AU {university}', 'NORP: Nye Borgerlige', 'GPE: Sønderborg']"
1696,"['DATE: Torsdag, 04. December 1975']"
1697,"['LOCATION: Syddanmark', 'ORGANIZATION: Katjes', 'PRODUCT: Salte Fisk']"
1698,['NORP: tyrkiske']
1699,"['PERSON: Lykke', 'NORP: polsk']"
1700,['ORGANIZATION: Sund & Bælt Holding A/S']
1701,['PERCENT: nitten procent']
1702,['TIME: i aften']
1703,"['LANGUAGE: yoruba', 'PERCENT: 53 %']"
1704,['DATE: August']
1705,"['PERSON: Søren Pape Poulsen', 'ORGANIZATION: Fredericia HK {handball team}', 'CARDINAL: 7']"
1706,"['TIME: formiddag', 'MONEY: DKK 278', 'PERCENT: 77 %']"
1707,"['WORK OF ART: Hamlet', 'PERCENT: 17.03%']"
1708,"['QUANTITY: 5080kWh', 'GPE: CPH', 'PERCENT: 98.67%']"
1709,['NORP: tyskere']
1710,['PERCENT: 81.79%']
1711,"['PERSON: Conrad', 'PERSON: Lin']"
1712,['GPE: Grenaa']
1713,['WORK OF ART: Bezzerwizzer']
1714,['CARDINAL: ti']
1715,"['DATE: to måneder', 'GPE: Danmark']"
1716,"['LANGUAGE: nederlandsk', 'PERSON: Dalan']"
1717,['PRODUCT: Acqua Di Gio Deodorant Spray']
1718,"['PERCENT: 75 %', 'DATE: imorgen']"
1719,"['GPE: Japan', 'FACILITY: Domus Vista {apartment complex}', 'TIME: om dagen']"
1720,['PERSON: Tomasz Gram Brylle']
1721,['GPE: Rusland']
1722,"['MONEY: 152kr.', 'PERSON: Simon Spies', 'QUANTITY: 78 meter', 'LANGUAGE: dansk']"
1723,"['EVENT: 2. Slesviske krig', 'GPE: Skive']"
1724,"['GPE: Pakistan', 'NORP: de areligiøse', 'GPE: Elfenbenskysten', 'PERCENT: 16 %']"
1725,['MONEY: 1 krone']
1726,"['MONEY: ti tusinde kr.', 'PERSON: Leonardo DiCaprio']"
1727,"['WORK OF ART: Pac-Man', 'GPE: Albertslund']"
1728,['WORK OF ART: Sygeplejeskolen {tv series}']
1729,['GPE: Sydafrika']
1730,"['NORP: hinduerne', 'NORP: Venstre']"
1731,['DATE: Fredag']
1732,['TIME: i aftes']
1733,['GPE: Danmark']
1734,['GPE: Vejle']
1735,"['MONEY: 308 kr', 'QUANTITY: 267 kg', 'LOCATION: Falster']"
1736,['MONEY: dkk 259']
1737,['PERCENT: 32 %']
1738,"['WORK OF ART: Supervoksen', 'PERSON: Carl-Emil Lundsgaard Halle', 'QUANTITY: 313 t']"
1739,['NORP: dansker']
1740,"['LAW: Jagt og vildtforvaltningsloven', 'LOCATION: Midtfyn', 'GPE: Horsens']"
1741,['PERCENT: 17 %']
1742,['DATE: 05/11/11']
1743,['GPE: Bangladesh']
1744,['ORGANIZATION: Institut for Statskundskab']
1745,"['QUANTITY: halvfjerds hundrede liter', 'LOCATION: Lolland-Falster', 'GPE: Italien', 'WORK OF ART: Adams æbler']"
1746,"['DATE: 22. Februar 2000', 'WORK OF ART: Fasandræberne']"
1747,['LANGUAGE: vietnamesisk']
1748,"['GPE: Århus', 'LOCATION: Bornholm', 'DATE: 12/10/15']"
1749,"['ORGANIZATION: Berkshire Hathaway', 'MONEY: syv kroner']"
1750,['PERSON: Otto Verner']
1751,"['ORGANIZATION: DBA {den blå avis}', 'CARDINAL: en tredjedel', 'PERSON: Selena Gomez', 'WORK OF ART: Good for you']"
1752,"['MONEY: halvfems hundrede kr', 'ORDINAL: fjerde']"
1753,"['PERCENT: 77 %', 'PERCENT: 52%']"
1754,"['PERSON: Matias K. Lorenzen', 'QUANTITY: nitten millioner kwh']"
1755,['PERSON: Leif']
1756,['ORGANIZATION: Andel Energi']
1757,['EVENT: nytår']
1758,"['NORP: Dansk Folkeparti (DF)', 'GPE: Hirtshals']"
1759,['PERCENT: 17%']
1760,['PERSON: Flora Laugesen Johannessen']
1761,['MONEY: halvfjerds hundrede kr.']
1762,['LAW: § 9 i lov nr. 395 ']
1763,"['PERSON: Anakin Skywalker', 'ORGANIZATION: OK {energy company}', 'GPE: Aalborg', 'PERSON: Sanne Hvid Lau']"
1764,['ORGANIZATION: BIF {football team}']
1765,"['GPE: Danmark', 'NORP: dansk', 'GPE: Randers']"
1766,"['DATE: idag', 'FACILITY: Pasteurs Tårn']"
1767,"['NORP: italiener', 'ORGANIZATION: byretten']"
1768,"['TIME: 16:31:59', 'MONEY: femten kr']"
1769,['GPE: Danmark']
1770,"['NORP: Soc.Dem', 'TIME: om dagen']"
1771,['LOCATION: Esbjerg Ø']
1772,['QUANTITY: femten kg']
1773,['LANGUAGE: engelsk']
1774,"['GPE: Nordhavn', 'FACILITY: E47 {highway}']"
1775,['CARDINAL: 8']
1776,"['MONEY: tre tusinde amerikanske dollars', 'QUANTITY: 2597 meter']"
1777,['ORDINAL: 24.']
1778,['MONEY: tres kr.']
1779,"['MONEY: 326kroner', 'PERCENT: 53.73 %']"
1780,['PERSON: H.C Andersen']
1781,"['PRODUCT: Tommy Teddy Snowboot', 'LANGUAGE: dansk']"
1782,['GPE: Esbjerg']
1783,['DATE: Maj']
1784,['GPE: Danmark']
1785,['FACILITY: Herlev Hospital']
1786,['PERSON: Peder Ottesen']
1787,"['ORDINAL: hundredende', 'TIME: 10 min']"
1788,['PERSON: Jannik Bæk Drud']
1789,"['LOCATION: Fyn', 'LANGUAGE: svensk']"
1790,['GPE: Knebel']
1791,"['MONEY: ni danske kroner', 'PERSON: Mikkel Bjørn', 'NORP: (DF)']"
1792,['PERSON: Børge Outze']
1793,['GPE: Tarm']
1794,['PERCENT: 84 %']
1795,['LANGUAGE: dansk']
1796,"[""DATE: Lørdag, 30. Juni '07"", 'QUANTITY: 196 kvadratmeter']"
1797,['PRODUCT: Luna Parka 4']
1798,['PERSON: Hannah Abildgaard Ravn']
1799,"['LANGUAGE: dansk', 'ORGANIZATION: CBS {university}', 'PERCENT: tretten procent']"
1800,['ORGANIZATION: TTH Holsterbro {handball team}']
1801,['QUANTITY: 273kvm']
1802,['DATE: Marts']
1803,"['PRODUCT: Desert Eagle', 'FACILITY: Almegårds Kaserne']"
1804,['MONEY: $4329']
1805,['MONEY: 61pund']
1806,"['PERSON: @helenachristensen', 'WORK OF ART: Løgneren', 'LOCATION: Nordjylland']"
1807,"['PERSON: Adrian', 'DATE: Mandag', 'LOCATION: Midtfyn', 'GPE: Esbjerg']"
1808,"['PERSON: Jannick Blauenfeldt Yigit', 'TIME: 14-16 minutter']"
1809,"['GPE: Bratislava', 'PERCENT: 89 %']"
1810,"['DATE: 10 Okt, 2000', 'LOCATION: Vestjylland']"
1811,['GPE: Grønland']
1812,['GPE: Ulfborg']
1813,"['QUANTITY: 196 kilometer', 'PERSON: Anny']"
1814,['ORGANIZATION: DR {media}']
1815,['LOCATION: Syddanmark']
1816,"['PERSON: Galileo Galilei', 'PRODUCT: LEGO Colosseum']"
1817,['PERSON: Maren']
1818,['PERSON: Linda G. Henriksen']
1819,"['MONEY: 1 krone', 'LOCATION: Ejer Bavnehøj']"
1820,['TIME: om natten']
1821,"['GPE: Thorshavn', 'MONEY: 9678kr.']"
1822,"['QUANTITY: 261 j', 'PERSON: Winnie Espersen', 'TIME: kl. 03.00']"
1823,['CARDINAL: 6']
1824,['GPE: Athen']
1825,"['QUANTITY: fjorten hundrede cl', 'PERSON: Jeanett Bostrup']"
1826,['QUANTITY: 176 kvm']
1827,['QUANTITY: 7690 kvadratmeter']
1828,"['PERCENT: 57 %', 'GPE: Uganda']"
1829,['GPE: København']
1830,"['LOCATION: Nilen', 'PRODUCT: Gameboy']"
1831,"['WORK OF ART: Hærværk', 'TIME: kl 06.48']"
1832,"['CARDINAL: 13,3', 'GPE: Odense']"
1833,"['MONEY: 146 pesos', 'TIME: kl 09:11', 'LANGUAGE: cantonesisk']"
1834,['PERSON: H.C. Andersen']
1835,"['PERSON: Nikki X. Mortensen', 'PRODUCT: Gameboy']"
1836,"['QUANTITY: 78kg', 'LOCATION: Pyrenæerne']"
1837,"[""ORGANIZATION: Dagli' Brugsen"", 'QUANTITY: tre tusinde gram', 'FACILITY: LEGO House']"
1838,"['PERSON: Simona Ibrahim', 'MONEY: 224 kr', 'GPE: Nexø', 'FACILITY: Lærkevej']"
1839,"['QUANTITY: 115 meter', 'PRODUCT: 1664 Blanc']"
1840,"['NORP: danskere', 'WORK OF ART: The Legend of Zelda', 'FACILITY: Kastellet']"
1841,"['LANGUAGE: arabisk', 'NORP: muslimsk']"
1842,['NORP: tyskere']
1843,['GPE: DK {country}']
1844,['ORGANIZATION: DTU {university}']
1845,['LOCATION: Nordsjælland']
1846,"['GPE: Struer', 'ORGANIZATION: ISS {international service system}']"
1847,['MONEY: firs millioner kr']
1848,"['CARDINAL: ni', 'CARDINAL: 7', 'DATE: i morgen']"
1849,['NORP: spaniere']
1850,['QUANTITY: 55 mm']
1851,"['PERSON: St. St. Blicher', 'WORK OF ART: Brudstykker af en Landsbydegns dagbog']"
1852,['GPE: Sverige']
1853,['PERSON: Jan I. Kristoffersen']
1854,['PERSON: Kaya Steen']
1855,"['PERSON: Susanne Therkelsen Kelstrup', 'LOCATION: Nordsjælland', 'LANGUAGE: italiensk', 'PERSON: Rasmus Seebach {song}', 'WORK OF ART: 2017 {song}']"
1856,['ORGANIZATION: NASA']
1857,['PERCENT: 10 %']
1858,['QUANTITY: 147 cl']
1859,"['QUANTITY: 32KM', 'DATE: 2022']"
1860,"['QUANTITY: 267 kilometer', 'GPE: KBH']"
1861,['GPE: Sorø']
1862,['TIME: 10.00 - 11.00']
1863,"['GPE: Berlin', 'PERSON: Poulsen']"
1864,"['GPE: Ebeltoft', 'PERSON: Myrna W. Bergmann', 'GPE: Storbritannien']"
1865,['NORP: italienerne']
1866,['GPE: Brønderslev']
1867,['GPE: Kbh']
1868,"['ORGANIZATION: AROS {museum}', 'ORGANIZATION: Postnord']"
1869,['PERCENT: 94.63 %']
1870,"['DATE: i morgen', 'PERCENT: 33 %']"
1871,['QUANTITY: 224meter']
1872,"['MONEY: 323 kr.', 'PERSON: Asger', 'LANGUAGE: javanesisk']"
1873,['LOCATION: Syddanmark']
1874,['MONEY: 1 peso']
1875,"['QUANTITY: 332milliliter', 'GPE: Esbjerg', 'PERSON: Bjørn Mørk Jessen', 'DATE: 24. Februar 1996']"
1876,['PERSON: Laila Wagner Bjørn']
1877,['MONEY: 179 DKK']
1878,"['PRODUCT: Pepsi Max', 'PERSON: Phillip Vester Lykke', 'EVENT: Aalborg Karneval', 'PERSON: Barack Obama']"
1879,"['WORK OF ART: Super Mario Bros 3', 'QUANTITY: 78 m', 'PERCENT: 2 %']"
1880,"['CARDINAL: 3', 'GPE: Afghanistan', 'GPE: München']"
1881,"['PERSON: Jill', 'QUANTITY: 96 L']"
1882,['MONEY: 7649 kr.']
1883,"['CARDINAL: 50', 'PERSON: Eva Ott']"
1884,['WORK OF ART: En frygtelig kvinde']
1885,"['GPE: København', 'NORP: Moderaterne', 'ORDINAL: 19.']"
1886,['PERCENT: 64 %']
1887,"['ORGANIZATION: Infomedia', 'GPE: Aarhus']"
1888,"['PERCENT: 26 %', 'QUANTITY: 96millimeter']"
1889,['GPE: Lithauen']
1890,"['LOCATION: Sydsjælland', 'NORP: tysker']"
1891,"['QUANTITY: 77 centiliter', 'TIME: 22:30:00']"
1892,"['ORGANIZATION: Bakken Bears', 'PERSON: Bente', 'ORGANIZATION: Jyllands-Posten', 'FACILITY: Copenhagen Opera House']"
1893,"['PERSON: Lissie Q. Klausen', 'TIME: 9.15', 'PERSON: Kristoffer Paulsen']"
1894,['PERSON: Ahmet L. Karlsen']
1895,['LOCATION: Falster']
1896,['QUANTITY: 193 kilogram']
1897,['GPE: Wien']
1898,['GPE: Kbh']
1899,['FACILITY: Storebæltsbroen']
1900,['LOCATION: Østeuropa']
1901,['PERSON: Alona Rikke']
1902,['MONEY: Dkk5347']
1903,['NORP: tyske']
1904,"[""PRODUCT: Men's Atom Hoody""]"
1905,['MONEY: 99 kroner']
1906,"['PERSON: Jonatan C. Benkjer', 'MONEY: 55 kr.']"
1907,"['ORGANIZATION: Københavns Universitet', 'GPE: Sindal', 'EVENT: Trediveårskrigen', 'CARDINAL: seks']"
1908,['MONEY: Dkk7360']
1909,['PERCENT: 57 %']
1910,"['DATE: 15-01-81', 'FACILITY: Stevnsfortet']"
1911,['ORGANIZATION: Eurosport']
1912,['ORGANIZATION: Fortuna Hjørring']
1913,['ORDINAL: ottende']
1914,['PERSON: Georg Laustsen Steen']
1915,"['TIME: om dagen', 'LOCATION: Tenerife']"
1916,['EVENT: OL 2016']
1917,['MONEY: 61kroner']
1918,['CARDINAL: 201']
1919,"[""DATE: 1950'erne""]"
1920,"['LAW: § 11, stk. 1, nr. 4.']"
1921,"['MONEY: DKK313', 'LOCATION: Nordsjælland']"
1922,['FACILITY: Funder Ådalsbroen']
1923,"['MONEY: 341 £', 'LOCATION: Fyn', 'CARDINAL: 21', 'GPE: Island']"
1924,"['MONEY: 259kr', 'DATE: næste måned']"
1925,"['PERCENT: halvtreds procent', 'DATE: Søndag', ""LAW: Artikel fire i USA's forfatning""]"
1926,['FACILITY: Frøslevlejren']
1927,['LOCATION: Sjælland']
1928,"['GPE: Jelling', 'MONEY: 176kr.', 'PERSON: Helen G.']"
1929,['TIME: 15:28']
1930,"['PERSON: Arthur', 'EVENT: nytårsaften', 'ORGANIZATION: TEMPUR {matress}', 'PRODUCT: PRO® SMARTCOOL™ {matress}']"
1931,['PERSON: Villum Nikolajsen']
1932,"['ORGANIZATION: Grundfos Holding', 'LOCATION: Nordjylland']"
1933,"['PERSON: Katrine', 'LANGUAGE: svensk']"
1934,"['NORP: buddhisterne', 'FACILITY: Næstved Svingbro']"
1935,"['PERSON: Nonboe', 'ORGANIZATION: Meta {company}']"
1936,['NORP: DF {political party}']
1937,"['PERCENT: 82 %', 'CARDINAL: fem', 'NORP: Alternativet']"
1938,"['LANGUAGE: fransk', 'LAW: ejendomsvurderingsloven', 'ORDINAL: tredje', 'NORP: svenskere']"
1939,['PRODUCT: Kaleem Crop Blazer']
1940,"['LOCATION: Nordjylland', 'QUANTITY: 61 kilogram']"
1941,['PERCENT: 34 %']
1942,"['PERSON: Kamal', 'ORGANIZATION: Institut for Veterinær- og Husdyrvidenskab']"
1943,['ORGANIZATION: Celtics {basketball team}']
1944,['LANGUAGE: dansk']
1945,"['EVENT: Den Kolde Krig', 'MONEY: 1475kr.']"
1946,"['ORGANIZATION: AGF {football team}', 'GPE: Spanien']"
1947,['CARDINAL: syv']
1948,"['TIME: et kvarter', 'PERSON: Johannes V. Jensen', 'PERSON: Nichlas Viborg', 'PERCENT: seks procent']"
1949,['PERSON: Mohamad Mahmood']
1950,"['PERSON: Hanna', 'PERCENT: 38%', 'LOCATION: Nordeuropa']"
1951,['LOCATION: Sydsjælland']
1952,['NORP: danske']
1953,['GPE: Sydals']
1954,['LOCATION: Yangtze']
1955,"['LOCATION: Syddanmark', 'LANGUAGE: english', 'ORGANIZATION: Volkswagen', 'PRODUCT: Touran']"
1956,"['MONEY: 161kr', 'PERSON: Petra F.']"
1957,"['PRODUCT: PS2', 'ORGANIZATION: Sonos', 'PRODUCT: One SL']"
1958,"['PRODUCT: Trek badesandal', 'CARDINAL: 3']"
1959,"['MONEY: 295KR', 'EVENT: Slaget ved Dybbøl', 'PERSON: Erling Severinsen']"
1960,"['PERSON: Ingrid Povlsen', 'DATE: 9 måneder']"
1961,['PERSON: Amelia Nataliia']
1962,['FACILITY: Limfjordsbroen']
1963,['LANGUAGE: tysk']
1964,['NORP: Socialistisk Folkeparti']
1965,['LAW: naturbeskyttelseslovens §§ 19 d-19 f.']
1966,"['PRODUCT: Oculus Rift', 'PERCENT: 16 %']"
1967,['ORGANIZATION: Institut for Fødevarevidenskab']
1968,['QUANTITY: 193 mm']
1969,['NORP: dansk']
1970,"['PERCENT: 65 %', 'EVENT: cornonaviruspandemien']"
1971,"['ORGANIZATION: Skatteministeriet', 'PERCENT: 67 %']"
1972,"['PERSON: Theodor', 'DATE: 26. September 2000']"
1973,"['PERCENT: 98 %', 'PERSON: Johannsen']"
1974,"['PERSON: Louise Z. Rasmussen', 'PERSON: Yusuf Friis', 'LOCATION: Nordjylland', 'LOCATION: Bornholm']"
1975,"['GPE: Copenhagen', 'DATE: ni år']"
1976,['CARDINAL: otto']
1977,"['LOCATION: Midtfyn', 'LOCATION: Fladstensdalen']"
1978,"['NORP: Inuit Ataqatigiit', 'FACILITY: Øresundsbroerne', 'CARDINAL: 500']"
1979,['LANGUAGE: engelsk']
1980,"['LAW: Corwintilføjelsen', 'GPE: Munkebo']"
1981,"['WORK OF ART: Blinkende lygter', 'PERCENT: 50%']"
1982,['DATE: 20. Januar 2009']
1983,"['PERCENT: tolv procent', 'PERSON: Nicholai T. Brink']"
1984,['PERCENT: halvfems procent']
1985,"['QUANTITY: 55milliliter', 'ORGANIZATION: højesteret', 'GPE: København', 'DATE: sidste måned']"
1986,['PERSON: Mia P.']
1987,"['MONEY: 3574kr.', 'PERSON: Yasin Olsen']"
1988,['QUANTITY: atten m']
1989,"['LOCATION: Bora Bora', 'PERSON: Troels Kilic Møller-Larsen']"
1990,"['ORGANIZATION: Glostrup kommune', 'LANGUAGE: engelsk']"
1991,"['GPE: Suldrup', 'LOCATION: Midtjylland', 'PERCENT: 13%']"
1992,['QUANTITY: 32 kvadratmeter']
1993,"['CARDINAL: 1/5', 'CARDINAL: 92', 'WORK OF ART: 9000 Chancer', 'MONEY: 109 kroner']"
1994,['NORP: danskere']
1995,"['PERCENT: 6 %', 'DATE: firserne', 'ORGANIZATION: Houston Rockets', 'LOCATION: Møn']"
1996,"['TIME: 16.10', 'GPE: Egypten']"
1997,"['PERCENT: 8 %', 'GPE: Odense']"
1998,['LOCATION: Sønderjylland']
1999,"['PERCENT: 98%', 'CARDINAL: ni', 'PERSON: Mike Niclas']"
2000,['GPE: Middelfart']
2001,"['NORP: dansker', 'GPE: Finland', 'CARDINAL: 12']"
2002,"[""DATE: 1950'erne"", 'NORP: Moderaterne (M)']"
2003,"['PRODUCT: Faxe Kondi Free', 'MONEY: dkk 89']"
2004,['EVENT: Vildbjerg Cup']
2005,"['PERSON: Sander Q. Wegner', 'FACILITY: Flemming Bamse Jørgensens Plads', 'PERSON: Klavs Skriver']"
2006,"['QUANTITY: 4 °c', 'DATE: 23. December 1979']"
2007,"['GPE: Esbjerg', 'MONEY: en krone', 'LAW: § 92, stk. 1, i lov om skifte af dødsboer']"
2008,"['ORGANIZATION: VIA University College', 'DATE: i dag']"
2009,['PERSON: Paw Sindberg Mouritsen']
2010,"['PERSON: Thuesen', 'QUANTITY: 5113 kg']"
2011,"['LAW: Lukkeloven', 'NORP: ateister']"
2012,['PERSON: Toke Møller-Larsen']
2013,['GPE: Danmark']
2014,"['QUANTITY: 109 meter', 'GPE: Odense']"
2015,['FACILITY: Magasin du Nord']
2016,['ORGANIZATION: CIA']
2017,"['CARDINAL: to', 'ORGANIZATION: Fyens Stiftstidende', 'NORP: dansk']"
2018,"['NORP: Alternativet', 'PERCENT: 39 %', 'PERSON: Alex Ahrendtsen', 'NORP: (DF)']"
2019,['WORK OF ART: Spaen {book}']
2020,"['LOCATION: Lolland', 'WORK OF ART: Final Fantasy']"
2021,"['PERSON: Lennart Høj', 'PRODUCT: Barbie drømmecamper-eventyr']"
2022,['LANGUAGE: farsi']
2023,['WORK OF ART: Sex and the City']
2024,"['PRODUCT: Tuborg Classic', 'GPE: Rusland', 'NORP: det ortodokse kristne trossamfund']"
2025,['GPE: Danmark']
2026,['PERCENT: 94.63 %']
